2025/09/15-16:00:24.078:[00000528#00000000#5] > [InitLibrary] Begin
2025/09/15-16:00:24.078:[00000528#00000000#4] > [InitLibrary] DLL Path: E:\Amay Technosystems\AFC\BackupTVM\AgraCashTVM2\CuCustomWndAPI.dll
2025/09/15-16:00:24.079:[00000528#00000000#4] > [InitLibrary] DLL Version: 1.36
2025/09/15-16:00:24.080:[00000528#00000000#4] > [InitLibrary] Application Path: C:\Users\DEV2\.jdks\ms-21.0.8\bin\java.exe
2025/09/15-16:00:24.082:[00000528#00000000#4] > [InitLibrary] Log verbosity: 6
2025/09/15-16:00:24.082:[00000528#00000000#4] > [COSManager::LogSystemVersion] LogSystemVersion: OS-> Windows 10
2025/09/15-16:00:24.083:[00000528#00000000#4] > [COSManager::LogSystemVersion] LogSystemVersion: OS-> 64bit
2025/09/15-16:00:24.084:[00000528#00000000#4] > [COSManager::LogDisplayVersion] LogSystemVersion: OS-> DisplayVersion: 24H2
2025/09/15-16:00:24.084:[00000528#00000000#4] > [COSManager::LogDisplayVersion] LogSystemVersion: OS-> ProductName: Windows 10 Pro
2025/09/15-16:00:24.085:[00000528#00000000#4] > [COSManager::LogSystemVersion] LogSystemVersion: OS-> MajorVersion: 10
2025/09/15-16:00:24.085:[00000528#00000000#4] > [COSManager::LogSystemVersion] LogSystemVersion: OS-> MinorVersion: 0
2025/09/15-16:00:24.086:[00000528#00000000#4] > [COSManager::LogSystemVersion] LogSystemVersion: OS-> CMajorVersion: 0
2025/09/15-16:00:24.086:[00000528#00000000#4] > [COSManager::LogSystemVersion] LogSystemVersion: OS-> CMinorVersion: 0
2025/09/15-16:00:24.086:[00000528#00000000#4] > [COSManager::LogSystemVersion] LogSystemVersion: OS-> Build: 26100
2025/09/15-16:00:24.103:[00000528#00000000#4] > [InitLibrary] Current library signature ID: 0x00000101
2025/09/15-16:00:24.103:[00000528#00000000#5] > [InitLibrary] End [0/Ok]
2025/09/15-16:00:24.104:[00000528#00000000#5] > [GetVariable] Begin
2025/09/15-16:00:24.104:[00000528#00000000#4] > [GetVariable] library_signature_id Get OK : 
2025/09/15-16:00:24.104:[00000528#00000000#5] > [GetVariable] End [0/Ok]
2025/09/15-16:00:24.108:[00000528#00000000#5] > [GetAPIVersion] Begin
2025/09/15-16:00:24.108:[00000528#00000000#4] > [GetAPIVersion] Api Version:1.36
2025/09/15-16:00:24.109:[00000528#00000000#5] > [GetAPIVersion] End [0/Ok]
2025/09/15-16:00:24.112:[00000528#00000000#5] > [EnumUSBDevices] Begin
2025/09/15-16:00:24.116:[00000528#00000000#4] > [EnumUSBDevices] Found 0 USB Devices:
2025/09/15-16:00:24.116:[00000528#00000000#5] > [EnumUSBDevices] End [0/Ok]
2025/09/15-16:00:24.117:[00000528#00000000#5] > [EnumUSBDevices] Begin
2025/09/15-16:00:24.117:[00000528#00000000#4] > [EnumUSBDevices] Found 0 USB Devices:
2025/09/15-16:00:24.117:[00000528#00000000#5] > [EnumUSBDevices] End [0/Ok]
2025/09/15-16:04:03.377:[00004DD4#00000000#5] > [InitLibrary] Begin
2025/09/15-16:04:03.377:[00004DD4#00000000#4] > [InitLibrary] DLL Path: E:\Amay Technosystems\AFC\BackupTVM\AgraCashTVM2\CuCustomWndAPI.dll
2025/09/15-16:04:03.377:[00004DD4#00000000#4] > [InitLibrary] DLL Version: 1.36
2025/09/15-16:04:03.377:[00004DD4#00000000#4] > [InitLibrary] Application Path: C:\Users\DEV2\.jdks\ms-21.0.8\bin\java.exe
2025/09/15-16:04:03.384:[00004DD4#00000000#4] > [InitLibrary] Log verbosity: 6
2025/09/15-16:04:03.385:[00004DD4#00000000#4] > [COSManager::LogSystemVersion] LogSystemVersion: OS-> Windows 10
2025/09/15-16:04:03.386:[00004DD4#00000000#4] > [COSManager::LogSystemVersion] LogSystemVersion: OS-> 64bit
2025/09/15-16:04:03.386:[00004DD4#00000000#4] > [COSManager::LogDisplayVersion] LogSystemVersion: OS-> DisplayVersion: 24H2
2025/09/15-16:04:03.386:[00004DD4#00000000#4] > [COSManager::LogDisplayVersion] LogSystemVersion: OS-> ProductName: Windows 10 Pro
2025/09/15-16:04:03.386:[00004DD4#00000000#4] > [COSManager::LogSystemVersion] LogSystemVersion: OS-> MajorVersion: 10
2025/09/15-16:04:03.393:[00004DD4#00000000#4] > [COSManager::LogSystemVersion] LogSystemVersion: OS-> MinorVersion: 0
2025/09/15-16:04:03.393:[00004DD4#00000000#4] > [COSManager::LogSystemVersion] LogSystemVersion: OS-> CMajorVersion: 0
2025/09/15-16:04:03.393:[00004DD4#00000000#4] > [COSManager::LogSystemVersion] LogSystemVersion: OS-> CMinorVersion: 0
2025/09/15-16:04:03.398:[00004DD4#00000000#4] > [COSManager::LogSystemVersion] LogSystemVersion: OS-> Build: 26100
2025/09/15-16:04:03.425:[00004DD4#00000000#4] > [InitLibrary] Current library signature ID: 0x00000101
2025/09/15-16:04:03.427:[00004DD4#00000000#5] > [InitLibrary] End [0/Ok]
2025/09/15-16:04:03.427:[00004DD4#00000000#5] > [GetVariable] Begin
2025/09/15-16:04:03.427:[00004DD4#00000000#4] > [GetVariable] library_signature_id Get OK : 
2025/09/15-16:04:03.427:[00004DD4#00000000#5] > [GetVariable] End [0/Ok]
2025/09/15-16:04:03.432:[00004DD4#00000000#5] > [GetAPIVersion] Begin
2025/09/15-16:04:03.440:[00004DD4#00000000#4] > [GetAPIVersion] Api Version:1.36
2025/09/15-16:04:03.446:[00004DD4#00000000#5] > [GetAPIVersion] End [0/Ok]
2025/09/15-16:04:03.447:[00004DD4#00000000#5] > [EnumUSBDevices] Begin
2025/09/15-16:04:03.460:[00004DD4#00000000#4] > [EnumUSBDevices] Found 0 USB Devices:
2025/09/15-16:04:03.465:[00004DD4#00000000#5] > [EnumUSBDevices] End [0/Ok]
2025/09/15-16:04:03.465:[00004DD4#00000000#5] > [EnumUSBDevices] Begin
2025/09/15-16:04:03.465:[00004DD4#00000000#4] > [EnumUSBDevices] Found 0 USB Devices:
2025/09/15-16:04:03.465:[00004DD4#00000000#5] > [EnumUSBDevices] End [0/Ok]
2025/09/15-16:07:39.554:[00005604#00000000#5] > [InitLibrary] Begin
2025/09/15-16:07:39.555:[00005604#00000000#4] > [InitLibrary] DLL Path: E:\Amay Technosystems\AFC\BackupTVM\AgraCashTVM2\CuCustomWndAPI.dll
2025/09/15-16:07:39.556:[00005604#00000000#4] > [InitLibrary] DLL Version: 1.36
2025/09/15-16:07:39.556:[00005604#00000000#4] > [InitLibrary] Application Path: C:\Users\DEV2\.jdks\ms-21.0.8\bin\java.exe
2025/09/15-16:07:39.557:[00005604#00000000#4] > [InitLibrary] Log verbosity: 6
2025/09/15-16:07:39.558:[00005604#00000000#4] > [COSManager::LogSystemVersion] LogSystemVersion: OS-> Windows 10
2025/09/15-16:07:39.559:[00005604#00000000#4] > [COSManager::LogSystemVersion] LogSystemVersion: OS-> 64bit
2025/09/15-16:07:39.560:[00005604#00000000#4] > [COSManager::LogDisplayVersion] LogSystemVersion: OS-> DisplayVersion: 24H2
2025/09/15-16:07:39.561:[00005604#00000000#4] > [COSManager::LogDisplayVersion] LogSystemVersion: OS-> ProductName: Windows 10 Pro
2025/09/15-16:07:39.562:[00005604#00000000#4] > [COSManager::LogSystemVersion] LogSystemVersion: OS-> MajorVersion: 10
2025/09/15-16:07:39.563:[00005604#00000000#4] > [COSManager::LogSystemVersion] LogSystemVersion: OS-> MinorVersion: 0
2025/09/15-16:07:39.564:[00005604#00000000#4] > [COSManager::LogSystemVersion] LogSystemVersion: OS-> CMajorVersion: 0
2025/09/15-16:07:39.564:[00005604#00000000#4] > [COSManager::LogSystemVersion] LogSystemVersion: OS-> CMinorVersion: 0
2025/09/15-16:07:39.565:[00005604#00000000#4] > [COSManager::LogSystemVersion] LogSystemVersion: OS-> Build: 26100
2025/09/15-16:07:39.577:[00005604#00000000#4] > [InitLibrary] Current library signature ID: 0x00000101
2025/09/15-16:07:39.579:[00005604#00000000#5] > [InitLibrary] End [0/Ok]
2025/09/15-16:07:39.580:[00005604#00000000#5] > [GetVariable] Begin
2025/09/15-16:07:39.581:[00005604#00000000#4] > [GetVariable] library_signature_id Get OK : 
2025/09/15-16:07:39.582:[00005604#00000000#5] > [GetVariable] End [0/Ok]
2025/09/15-16:07:39.586:[00005604#00000000#5] > [GetAPIVersion] Begin
2025/09/15-16:07:39.587:[00005604#00000000#4] > [GetAPIVersion] Api Version:1.36
2025/09/15-16:07:39.587:[00005604#00000000#5] > [GetAPIVersion] End [0/Ok]
2025/09/15-16:07:39.591:[00005604#00000000#5] > [EnumUSBDevices] Begin
2025/09/15-16:07:39.593:[00005604#00000000#4] > [EnumUSBDevices] Found 0 USB Devices:
2025/09/15-16:07:39.594:[00005604#00000000#5] > [EnumUSBDevices] End [0/Ok]
2025/09/15-16:07:39.594:[00005604#00000000#5] > [EnumUSBDevices] Begin
2025/09/15-16:07:39.594:[00005604#00000000#4] > [EnumUSBDevices] Found 0 USB Devices:
2025/09/15-16:07:39.595:[00005604#00000000#5] > [EnumUSBDevices] End [0/Ok]
2025/09/15-16:40:36.348:[00002C9C#00000000#5] > [InitLibrary] Begin
2025/09/15-16:40:36.348:[00002C9C#00000000#4] > [InitLibrary] DLL Path: E:\Amay Technosystems\AFC\BackupTVM\AgraCashTVM2\CuCustomWndAPI.dll
2025/09/15-16:40:36.350:[00002C9C#00000000#4] > [InitLibrary] DLL Version: 1.36
2025/09/15-16:40:36.350:[00002C9C#00000000#4] > [InitLibrary] Application Path: C:\Users\DEV2\.jdks\ms-21.0.8\bin\java.exe
2025/09/15-16:40:36.351:[00002C9C#00000000#4] > [InitLibrary] Log verbosity: 6
2025/09/15-16:40:36.352:[00002C9C#00000000#4] > [COSManager::LogSystemVersion] LogSystemVersion: OS-> Windows 10
2025/09/15-16:40:36.352:[00002C9C#00000000#4] > [COSManager::LogSystemVersion] LogSystemVersion: OS-> 64bit
2025/09/15-16:40:36.353:[00002C9C#00000000#4] > [COSManager::LogDisplayVersion] LogSystemVersion: OS-> DisplayVersion: 24H2
2025/09/15-16:40:36.354:[00002C9C#00000000#4] > [COSManager::LogDisplayVersion] LogSystemVersion: OS-> ProductName: Windows 10 Pro
2025/09/15-16:40:36.354:[00002C9C#00000000#4] > [COSManager::LogSystemVersion] LogSystemVersion: OS-> MajorVersion: 10
2025/09/15-16:40:36.355:[00002C9C#00000000#4] > [COSManager::LogSystemVersion] LogSystemVersion: OS-> MinorVersion: 0
2025/09/15-16:40:36.355:[00002C9C#00000000#4] > [COSManager::LogSystemVersion] LogSystemVersion: OS-> CMajorVersion: 0
2025/09/15-16:40:36.356:[00002C9C#00000000#4] > [COSManager::LogSystemVersion] LogSystemVersion: OS-> CMinorVersion: 0
2025/09/15-16:40:36.357:[00002C9C#00000000#4] > [COSManager::LogSystemVersion] LogSystemVersion: OS-> Build: 26100
2025/09/15-16:40:36.373:[00002C9C#00000000#4] > [InitLibrary] Current library signature ID: 0x00000101
2025/09/15-16:40:36.374:[00002C9C#00000000#5] > [InitLibrary] End [0/Ok]
2025/09/15-16:40:36.375:[00002C9C#00000000#5] > [GetVariable] Begin
2025/09/15-16:40:36.376:[00002C9C#00000000#4] > [GetVariable] library_signature_id Get OK : 
2025/09/15-16:40:36.376:[00002C9C#00000000#5] > [GetVariable] End [0/Ok]
2025/09/15-16:40:36.382:[00002C9C#00000000#5] > [GetAPIVersion] Begin
2025/09/15-16:40:36.383:[00002C9C#00000000#4] > [GetAPIVersion] Api Version:1.36
2025/09/15-16:40:36.384:[00002C9C#00000000#5] > [GetAPIVersion] End [0/Ok]
2025/09/15-16:40:36.388:[00002C9C#00000000#5] > [EnumUSBDevices] Begin
2025/09/15-16:40:36.391:[00002C9C#00000000#4] > [EnumUSBDevices] Found 0 USB Devices:
2025/09/15-16:40:36.392:[00002C9C#00000000#5] > [EnumUSBDevices] End [0/Ok]
2025/09/15-16:40:36.393:[00002C9C#00000000#5] > [EnumUSBDevices] Begin
2025/09/15-16:40:36.393:[00002C9C#00000000#4] > [EnumUSBDevices] Found 0 USB Devices:
2025/09/15-16:40:36.393:[00002C9C#00000000#5] > [EnumUSBDevices] End [0/Ok]
2025/09/15-17:33:48.495:[00005680#00000000#5] > [InitLibrary] Begin
2025/09/15-17:33:48.496:[00005680#00000000#4] > [InitLibrary] DLL Path: E:\Amay Technosystems\AFC\BackupTVM\AgraCashTVM2\CuCustomWndAPI.dll
2025/09/15-17:33:48.496:[00005680#00000000#4] > [InitLibrary] DLL Version: 1.36
2025/09/15-17:33:48.497:[00005680#00000000#4] > [InitLibrary] Application Path: C:\Users\DEV2\.jdks\ms-21.0.8\bin\java.exe
2025/09/15-17:33:48.497:[00005680#00000000#4] > [InitLibrary] Log verbosity: 6
2025/09/15-17:33:48.498:[00005680#00000000#4] > [COSManager::LogSystemVersion] LogSystemVersion: OS-> Windows 10
2025/09/15-17:33:48.498:[00005680#00000000#4] > [COSManager::LogSystemVersion] LogSystemVersion: OS-> 64bit
2025/09/15-17:33:48.499:[00005680#00000000#4] > [COSManager::LogDisplayVersion] LogSystemVersion: OS-> DisplayVersion: 24H2
2025/09/15-17:33:48.499:[00005680#00000000#4] > [COSManager::LogDisplayVersion] LogSystemVersion: OS-> ProductName: Windows 10 Pro
2025/09/15-17:33:48.500:[00005680#00000000#4] > [COSManager::LogSystemVersion] LogSystemVersion: OS-> MajorVersion: 10
2025/09/15-17:33:48.500:[00005680#00000000#4] > [COSManager::LogSystemVersion] LogSystemVersion: OS-> MinorVersion: 0
2025/09/15-17:33:48.501:[00005680#00000000#4] > [COSManager::LogSystemVersion] LogSystemVersion: OS-> CMajorVersion: 0
2025/09/15-17:33:48.501:[00005680#00000000#4] > [COSManager::LogSystemVersion] LogSystemVersion: OS-> CMinorVersion: 0
2025/09/15-17:33:48.502:[00005680#00000000#4] > [COSManager::LogSystemVersion] LogSystemVersion: OS-> Build: 26100
2025/09/15-17:33:48.516:[00005680#00000000#4] > [InitLibrary] Current library signature ID: 0x00000101
2025/09/15-17:33:48.518:[00005680#00000000#5] > [InitLibrary] End [0/Ok]
2025/09/15-17:33:48.519:[00005680#00000000#5] > [GetVariable] Begin
2025/09/15-17:33:48.519:[00005680#00000000#4] > [GetVariable] library_signature_id Get OK : 
2025/09/15-17:33:48.520:[00005680#00000000#5] > [GetVariable] End [0/Ok]
2025/09/15-17:33:48.525:[00005680#00000000#5] > [GetAPIVersion] Begin
2025/09/15-17:33:48.525:[00005680#00000000#4] > [GetAPIVersion] Api Version:1.36
2025/09/15-17:33:48.527:[00005680#00000000#5] > [GetAPIVersion] End [0/Ok]
2025/09/15-17:33:48.530:[00005680#00000000#5] > [EnumUSBDevices] Begin
2025/09/15-17:33:48.533:[00005680#00000000#4] > [EnumUSBDevices] Found 0 USB Devices:
2025/09/15-17:33:48.533:[00005680#00000000#5] > [EnumUSBDevices] End [0/Ok]
2025/09/15-17:33:48.534:[00005680#00000000#5] > [EnumUSBDevices] Begin
2025/09/15-17:33:48.535:[00005680#00000000#4] > [EnumUSBDevices] Found 0 USB Devices:
2025/09/15-17:33:48.535:[00005680#00000000#5] > [EnumUSBDevices] End [0/Ok]
2025/09/15-17:38:16.414:[00007074#00000000#5] > [InitLibrary] Begin
2025/09/15-17:38:16.416:[00007074#00000000#4] > [InitLibrary] DLL Path: E:\Amay Technosystems\AFC\BackupTVM\AgraCashTVM2\CuCustomWndAPI.dll
2025/09/15-17:38:16.417:[00007074#00000000#4] > [InitLibrary] DLL Version: 1.36
2025/09/15-17:38:16.417:[00007074#00000000#4] > [InitLibrary] Application Path: C:\Users\DEV2\.jdks\ms-21.0.8\bin\java.exe
2025/09/15-17:38:16.417:[00007074#00000000#4] > [InitLibrary] Log verbosity: 6
2025/09/15-17:38:16.418:[00007074#00000000#4] > [COSManager::LogSystemVersion] LogSystemVersion: OS-> Windows 10
2025/09/15-17:38:16.418:[00007074#00000000#4] > [COSManager::LogSystemVersion] LogSystemVersion: OS-> 64bit
2025/09/15-17:38:16.419:[00007074#00000000#4] > [COSManager::LogDisplayVersion] LogSystemVersion: OS-> DisplayVersion: 24H2
2025/09/15-17:38:16.419:[00007074#00000000#4] > [COSManager::LogDisplayVersion] LogSystemVersion: OS-> ProductName: Windows 10 Pro
2025/09/15-17:38:16.420:[00007074#00000000#4] > [COSManager::LogSystemVersion] LogSystemVersion: OS-> MajorVersion: 10
2025/09/15-17:38:16.420:[00007074#00000000#4] > [COSManager::LogSystemVersion] LogSystemVersion: OS-> MinorVersion: 0
2025/09/15-17:38:16.421:[00007074#00000000#4] > [COSManager::LogSystemVersion] LogSystemVersion: OS-> CMajorVersion: 0
2025/09/15-17:38:16.421:[00007074#00000000#4] > [COSManager::LogSystemVersion] LogSystemVersion: OS-> CMinorVersion: 0
2025/09/15-17:38:16.422:[00007074#00000000#4] > [COSManager::LogSystemVersion] LogSystemVersion: OS-> Build: 26100
2025/09/15-17:38:16.434:[00007074#00000000#4] > [InitLibrary] Current library signature ID: 0x00000101
2025/09/15-17:38:16.435:[00007074#00000000#5] > [InitLibrary] End [0/Ok]
2025/09/15-17:38:16.436:[00007074#00000000#5] > [GetVariable] Begin
2025/09/15-17:38:16.437:[00007074#00000000#4] > [GetVariable] library_signature_id Get OK : 
2025/09/15-17:38:16.437:[00007074#00000000#5] > [GetVariable] End [0/Ok]
2025/09/15-17:38:16.441:[00007074#00000000#5] > [GetAPIVersion] Begin
2025/09/15-17:38:16.442:[00007074#00000000#4] > [GetAPIVersion] Api Version:1.36
2025/09/15-17:38:16.442:[00007074#00000000#5] > [GetAPIVersion] End [0/Ok]
2025/09/15-17:38:16.446:[00007074#00000000#5] > [EnumUSBDevices] Begin
2025/09/15-17:38:16.448:[00007074#00000000#4] > [EnumUSBDevices] Found 0 USB Devices:
2025/09/15-17:38:16.449:[00007074#00000000#5] > [EnumUSBDevices] End [0/Ok]
2025/09/15-17:38:16.449:[00007074#00000000#5] > [EnumUSBDevices] Begin
2025/09/15-17:38:16.450:[00007074#00000000#4] > [EnumUSBDevices] Found 0 USB Devices:
2025/09/15-17:38:16.450:[00007074#00000000#5] > [EnumUSBDevices] End [0/Ok]
2025/09/15-17:44:08.699:[00006FCC#00000000#5] > [InitLibrary] Begin
2025/09/15-17:44:08.699:[00006FCC#00000000#4] > [InitLibrary] DLL Path: E:\Amay Technosystems\AFC\BackupTVM\AgraCashTVM2\CuCustomWndAPI.dll
2025/09/15-17:44:08.700:[00006FCC#00000000#4] > [InitLibrary] DLL Version: 1.36
2025/09/15-17:44:08.700:[00006FCC#00000000#4] > [InitLibrary] Application Path: C:\Users\DEV2\.jdks\ms-21.0.8\bin\java.exe
2025/09/15-17:44:08.700:[00006FCC#00000000#4] > [InitLibrary] Log verbosity: 6
2025/09/15-17:44:08.701:[00006FCC#00000000#4] > [COSManager::LogSystemVersion] LogSystemVersion: OS-> Windows 10
2025/09/15-17:44:08.701:[00006FCC#00000000#4] > [COSManager::LogSystemVersion] LogSystemVersion: OS-> 64bit
2025/09/15-17:44:08.702:[00006FCC#00000000#4] > [COSManager::LogDisplayVersion] LogSystemVersion: OS-> DisplayVersion: 24H2
2025/09/15-17:44:08.702:[00006FCC#00000000#4] > [COSManager::LogDisplayVersion] LogSystemVersion: OS-> ProductName: Windows 10 Pro
2025/09/15-17:44:08.702:[00006FCC#00000000#4] > [COSManager::LogSystemVersion] LogSystemVersion: OS-> MajorVersion: 10
2025/09/15-17:44:08.703:[00006FCC#00000000#4] > [COSManager::LogSystemVersion] LogSystemVersion: OS-> MinorVersion: 0
2025/09/15-17:44:08.703:[00006FCC#00000000#4] > [COSManager::LogSystemVersion] LogSystemVersion: OS-> CMajorVersion: 0
2025/09/15-17:44:08.705:[00006FCC#00000000#4] > [COSManager::LogSystemVersion] LogSystemVersion: OS-> CMinorVersion: 0
2025/09/15-17:44:08.705:[00006FCC#00000000#4] > [COSManager::LogSystemVersion] LogSystemVersion: OS-> Build: 26100
2025/09/15-17:44:08.734:[00006FCC#00000000#4] > [InitLibrary] Current library signature ID: 0x00000101
2025/09/15-17:44:08.735:[00006FCC#00000000#5] > [InitLibrary] End [0/Ok]
2025/09/15-17:44:08.736:[00006FCC#00000000#5] > [GetVariable] Begin
2025/09/15-17:44:08.736:[00006FCC#00000000#4] > [GetVariable] library_signature_id Get OK : 
2025/09/15-17:44:08.737:[00006FCC#00000000#5] > [GetVariable] End [0/Ok]
2025/09/15-17:44:08.740:[00006FCC#00000000#5] > [GetAPIVersion] Begin
2025/09/15-17:44:08.740:[00006FCC#00000000#4] > [GetAPIVersion] Api Version:1.36
2025/09/15-17:44:08.741:[00006FCC#00000000#5] > [GetAPIVersion] End [0/Ok]
2025/09/15-17:44:08.746:[00006FCC#00000000#5] > [EnumUSBDevices] Begin
2025/09/15-17:44:08.749:[00006FCC#00000000#4] > [EnumUSBDevices] Found 0 USB Devices:
2025/09/15-17:44:08.749:[00006FCC#00000000#5] > [EnumUSBDevices] End [0/Ok]
2025/09/15-17:44:08.750:[00006FCC#00000000#5] > [EnumUSBDevices] Begin
2025/09/15-17:44:08.750:[00006FCC#00000000#4] > [EnumUSBDevices] Found 0 USB Devices:
2025/09/15-17:44:08.751:[00006FCC#00000000#5] > [EnumUSBDevices] End [0/Ok]
2025/09/16-01:38:10.910:[00000E24#00000000#5] > [InitLibrary] Begin
2025/09/16-01:38:10.911:[00000E24#00000000#4] > [InitLibrary] DLL Path: E:\Amay Technosystems\AFC\BackupTVM\AgraCashTVM2\CuCustomWndAPI.dll
2025/09/16-01:38:10.912:[00000E24#00000000#4] > [InitLibrary] DLL Version: 1.36
2025/09/16-01:38:10.913:[00000E24#00000000#4] > [InitLibrary] Application Path: C:\Users\DEV2\.jdks\ms-21.0.8\bin\java.exe
2025/09/16-01:38:10.913:[00000E24#00000000#4] > [InitLibrary] Log verbosity: 6
2025/09/16-01:38:10.914:[00000E24#00000000#4] > [COSManager::LogSystemVersion] LogSystemVersion: OS-> Windows 10
2025/09/16-01:38:10.914:[00000E24#00000000#4] > [COSManager::LogSystemVersion] LogSystemVersion: OS-> 64bit
2025/09/16-01:38:10.915:[00000E24#00000000#4] > [COSManager::LogDisplayVersion] LogSystemVersion: OS-> DisplayVersion: 24H2
2025/09/16-01:38:10.916:[00000E24#00000000#4] > [COSManager::LogDisplayVersion] LogSystemVersion: OS-> ProductName: Windows 10 Pro
2025/09/16-01:38:10.916:[00000E24#00000000#4] > [COSManager::LogSystemVersion] LogSystemVersion: OS-> MajorVersion: 10
2025/09/16-01:38:10.917:[00000E24#00000000#4] > [COSManager::LogSystemVersion] LogSystemVersion: OS-> MinorVersion: 0
2025/09/16-01:38:10.918:[00000E24#00000000#4] > [COSManager::LogSystemVersion] LogSystemVersion: OS-> CMajorVersion: 0
2025/09/16-01:38:10.918:[00000E24#00000000#4] > [COSManager::LogSystemVersion] LogSystemVersion: OS-> CMinorVersion: 0
2025/09/16-01:38:10.919:[00000E24#00000000#4] > [COSManager::LogSystemVersion] LogSystemVersion: OS-> Build: 26100
2025/09/16-01:38:10.934:[00000E24#00000000#4] > [InitLibrary] Current library signature ID: 0x00000101
2025/09/16-01:38:10.934:[00000E24#00000000#5] > [InitLibrary] End [0/Ok]
2025/09/16-01:38:10.936:[00000E24#00000000#5] > [GetVariable] Begin
2025/09/16-01:38:10.936:[00000E24#00000000#4] > [GetVariable] library_signature_id Get OK : 
2025/09/16-01:38:10.937:[00000E24#00000000#5] > [GetVariable] End [0/Ok]
2025/09/16-01:38:10.941:[00000E24#00000000#5] > [GetAPIVersion] Begin
2025/09/16-01:38:10.941:[00000E24#00000000#4] > [GetAPIVersion] Api Version:1.36
2025/09/16-01:38:10.942:[00000E24#00000000#5] > [GetAPIVersion] End [0/Ok]
2025/09/16-01:38:10.945:[00000E24#00000000#5] > [EnumUSBDevices] Begin
2025/09/16-01:38:10.947:[00000E24#00000000#4] > [EnumUSBDevices] Found 0 USB Devices:
2025/09/16-01:38:10.948:[00000E24#00000000#5] > [EnumUSBDevices] End [0/Ok]
2025/09/16-01:38:10.948:[00000E24#00000000#5] > [EnumUSBDevices] Begin
2025/09/16-01:38:10.950:[00000E24#00000000#4] > [EnumUSBDevices] Found 0 USB Devices:
2025/09/16-01:38:10.950:[00000E24#00000000#5] > [EnumUSBDevices] End [0/Ok]
2025/09/16-01:40:30.357:[00007D74#00000000#5] > [InitLibrary] Begin
2025/09/16-01:40:30.358:[00007D74#00000000#4] > [InitLibrary] DLL Path: E:\Amay Technosystems\AFC\BackupTVM\AgraCashTVM2\CuCustomWndAPI.dll
2025/09/16-01:40:30.359:[00007D74#00000000#4] > [InitLibrary] DLL Version: 1.36
2025/09/16-01:40:30.360:[00007D74#00000000#4] > [InitLibrary] Application Path: C:\Users\DEV2\.jdks\ms-21.0.8\bin\java.exe
2025/09/16-01:40:30.360:[00007D74#00000000#4] > [InitLibrary] Log verbosity: 6
2025/09/16-01:40:30.361:[00007D74#00000000#4] > [COSManager::LogSystemVersion] LogSystemVersion: OS-> Windows 10
2025/09/16-01:40:30.362:[00007D74#00000000#4] > [COSManager::LogSystemVersion] LogSystemVersion: OS-> 64bit
2025/09/16-01:40:30.363:[00007D74#00000000#4] > [COSManager::LogDisplayVersion] LogSystemVersion: OS-> DisplayVersion: 24H2
2025/09/16-01:40:30.364:[00007D74#00000000#4] > [COSManager::LogDisplayVersion] LogSystemVersion: OS-> ProductName: Windows 10 Pro
2025/09/16-01:40:30.365:[00007D74#00000000#4] > [COSManager::LogSystemVersion] LogSystemVersion: OS-> MajorVersion: 10
2025/09/16-01:40:30.366:[00007D74#00000000#4] > [COSManager::LogSystemVersion] LogSystemVersion: OS-> MinorVersion: 0
2025/09/16-01:40:30.367:[00007D74#00000000#4] > [COSManager::LogSystemVersion] LogSystemVersion: OS-> CMajorVersion: 0
2025/09/16-01:40:30.368:[00007D74#00000000#4] > [COSManager::LogSystemVersion] LogSystemVersion: OS-> CMinorVersion: 0
2025/09/16-01:40:30.369:[00007D74#00000000#4] > [COSManager::LogSystemVersion] LogSystemVersion: OS-> Build: 26100
2025/09/16-01:40:30.384:[00007D74#00000000#4] > [InitLibrary] Current library signature ID: 0x00000101
2025/09/16-01:40:30.384:[00007D74#00000000#5] > [InitLibrary] End [0/Ok]
2025/09/16-01:40:30.386:[00007D74#00000000#5] > [GetVariable] Begin
2025/09/16-01:40:30.387:[00007D74#00000000#4] > [GetVariable] library_signature_id Get OK : 
2025/09/16-01:40:30.387:[00007D74#00000000#5] > [GetVariable] End [0/Ok]
2025/09/16-01:40:30.391:[00007D74#00000000#5] > [GetAPIVersion] Begin
2025/09/16-01:40:30.392:[00007D74#00000000#4] > [GetAPIVersion] Api Version:1.36
2025/09/16-01:40:30.392:[00007D74#00000000#5] > [GetAPIVersion] End [0/Ok]
2025/09/16-01:40:30.397:[00007D74#00000000#5] > [EnumUSBDevices] Begin
2025/09/16-01:40:30.399:[00007D74#00000000#4] > [EnumUSBDevices] Found 0 USB Devices:
2025/09/16-01:40:30.399:[00007D74#00000000#5] > [EnumUSBDevices] End [0/Ok]
2025/09/16-01:40:30.400:[00007D74#00000000#5] > [EnumUSBDevices] Begin
2025/09/16-01:40:30.400:[00007D74#00000000#4] > [EnumUSBDevices] Found 0 USB Devices:
2025/09/16-01:40:30.401:[00007D74#00000000#5] > [EnumUSBDevices] End [0/Ok]
2025/09/16-01:42:05.299:[00002AB0#00000000#5] > [InitLibrary] Begin
2025/09/16-01:42:05.300:[00002AB0#00000000#4] > [InitLibrary] DLL Path: E:\Amay Technosystems\AFC\BackupTVM\AgraCashTVM2\CuCustomWndAPI.dll
2025/09/16-01:42:05.306:[00002AB0#00000000#4] > [InitLibrary] DLL Version: 1.36
2025/09/16-01:42:05.308:[00002AB0#00000000#4] > [InitLibrary] Application Path: C:\Users\DEV2\.jdks\ms-21.0.8\bin\java.exe
2025/09/16-01:42:05.308:[00002AB0#00000000#4] > [InitLibrary] Log verbosity: 6
2025/09/16-01:42:05.308:[00002AB0#00000000#4] > [COSManager::LogSystemVersion] LogSystemVersion: OS-> Windows 10
2025/09/16-01:42:05.309:[00002AB0#00000000#4] > [COSManager::LogSystemVersion] LogSystemVersion: OS-> 64bit
2025/09/16-01:42:05.310:[00002AB0#00000000#4] > [COSManager::LogDisplayVersion] LogSystemVersion: OS-> DisplayVersion: 24H2
2025/09/16-01:42:05.310:[00002AB0#00000000#4] > [COSManager::LogDisplayVersion] LogSystemVersion: OS-> ProductName: Windows 10 Pro
2025/09/16-01:42:05.311:[00002AB0#00000000#4] > [COSManager::LogSystemVersion] LogSystemVersion: OS-> MajorVersion: 10
2025/09/16-01:42:05.312:[00002AB0#00000000#4] > [COSManager::LogSystemVersion] LogSystemVersion: OS-> MinorVersion: 0
2025/09/16-01:42:05.313:[00002AB0#00000000#4] > [COSManager::LogSystemVersion] LogSystemVersion: OS-> CMajorVersion: 0
2025/09/16-01:42:05.313:[00002AB0#00000000#4] > [COSManager::LogSystemVersion] LogSystemVersion: OS-> CMinorVersion: 0
2025/09/16-01:42:05.314:[00002AB0#00000000#4] > [COSManager::LogSystemVersion] LogSystemVersion: OS-> Build: 26100
2025/09/16-01:42:05.326:[00002AB0#00000000#4] > [InitLibrary] Current library signature ID: 0x00000101
2025/09/16-01:42:05.327:[00002AB0#00000000#5] > [InitLibrary] End [0/Ok]
2025/09/16-01:42:05.328:[00002AB0#00000000#5] > [GetVariable] Begin
2025/09/16-01:42:05.328:[00002AB0#00000000#4] > [GetVariable] library_signature_id Get OK : 
2025/09/16-01:42:05.328:[00002AB0#00000000#5] > [GetVariable] End [0/Ok]
2025/09/16-01:42:05.333:[00002AB0#00000000#5] > [GetAPIVersion] Begin
2025/09/16-01:42:05.333:[00002AB0#00000000#4] > [GetAPIVersion] Api Version:1.36
2025/09/16-01:42:05.333:[00002AB0#00000000#5] > [GetAPIVersion] End [0/Ok]
2025/09/16-01:42:05.337:[00002AB0#00000000#5] > [EnumUSBDevices] Begin
2025/09/16-01:42:05.340:[00002AB0#00000000#4] > [EnumUSBDevices] Found 0 USB Devices:
2025/09/16-01:42:05.340:[00002AB0#00000000#5] > [EnumUSBDevices] End [0/Ok]
2025/09/16-01:42:05.340:[00002AB0#00000000#5] > [EnumUSBDevices] Begin
2025/09/16-01:42:05.340:[00002AB0#00000000#4] > [EnumUSBDevices] Found 0 USB Devices:
2025/09/16-01:42:05.341:[00002AB0#00000000#5] > [EnumUSBDevices] End [0/Ok]
2025/09/16-01:55:07.121:[00002658#00000000#5] > [InitLibrary] Begin
2025/09/16-01:55:07.122:[00002658#00000000#4] > [InitLibrary] DLL Path: E:\Amay Technosystems\AFC\BackupTVM\AgraCashTVM2\CuCustomWndAPI.dll
2025/09/16-01:55:07.124:[00002658#00000000#4] > [InitLibrary] DLL Version: 1.36
2025/09/16-01:55:07.126:[00002658#00000000#4] > [InitLibrary] Application Path: C:\Users\DEV2\.jdks\ms-21.0.8\bin\java.exe
2025/09/16-01:55:07.127:[00002658#00000000#4] > [InitLibrary] Log verbosity: 6
2025/09/16-01:55:07.129:[00002658#00000000#4] > [COSManager::LogSystemVersion] LogSystemVersion: OS-> Windows 10
2025/09/16-01:55:07.130:[00002658#00000000#4] > [COSManager::LogSystemVersion] LogSystemVersion: OS-> 64bit
2025/09/16-01:55:07.132:[00002658#00000000#4] > [COSManager::LogDisplayVersion] LogSystemVersion: OS-> DisplayVersion: 24H2
2025/09/16-01:55:07.134:[00002658#00000000#4] > [COSManager::LogDisplayVersion] LogSystemVersion: OS-> ProductName: Windows 10 Pro
2025/09/16-01:55:07.136:[00002658#00000000#4] > [COSManager::LogSystemVersion] LogSystemVersion: OS-> MajorVersion: 10
2025/09/16-01:55:07.137:[00002658#00000000#4] > [COSManager::LogSystemVersion] LogSystemVersion: OS-> MinorVersion: 0
2025/09/16-01:55:07.138:[00002658#00000000#4] > [COSManager::LogSystemVersion] LogSystemVersion: OS-> CMajorVersion: 0
2025/09/16-01:55:07.139:[00002658#00000000#4] > [COSManager::LogSystemVersion] LogSystemVersion: OS-> CMinorVersion: 0
2025/09/16-01:55:07.141:[00002658#00000000#4] > [COSManager::LogSystemVersion] LogSystemVersion: OS-> Build: 26100
2025/09/16-01:55:07.170:[00002658#00000000#4] > [InitLibrary] Current library signature ID: 0x00000101
2025/09/16-01:55:07.172:[00002658#00000000#5] > [InitLibrary] End [0/Ok]
2025/09/16-01:55:07.174:[00002658#00000000#5] > [GetVariable] Begin
2025/09/16-01:55:07.176:[00002658#00000000#4] > [GetVariable] library_signature_id Get OK : 
2025/09/16-01:55:07.178:[00002658#00000000#5] > [GetVariable] End [0/Ok]
2025/09/16-01:55:07.188:[00002658#00000000#5] > [GetAPIVersion] Begin
2025/09/16-01:55:07.190:[00002658#00000000#4] > [GetAPIVersion] Api Version:1.36
2025/09/16-01:55:07.191:[00002658#00000000#5] > [GetAPIVersion] End [0/Ok]
2025/09/16-01:55:07.202:[00002658#00000000#5] > [EnumUSBDevices] Begin
2025/09/16-01:55:07.210:[00002658#00000000#4] > [EnumUSBDevices] Found 0 USB Devices:
2025/09/16-01:55:07.212:[00002658#00000000#5] > [EnumUSBDevices] End [0/Ok]
2025/09/16-01:55:07.214:[00002658#00000000#5] > [EnumUSBDevices] Begin
2025/09/16-01:55:07.217:[00002658#00000000#4] > [EnumUSBDevices] Found 0 USB Devices:
2025/09/16-01:55:07.219:[00002658#00000000#5] > [EnumUSBDevices] End [0/Ok]
2025/09/16-01:55:30.995:[00004EB8#00000000#5] > [InitLibrary] Begin
2025/09/16-01:55:30.996:[00004EB8#00000000#4] > [InitLibrary] DLL Path: E:\Amay Technosystems\AFC\BackupTVM\AgraCashTVM2\CuCustomWndAPI.dll
2025/09/16-01:55:30.997:[00004EB8#00000000#4] > [InitLibrary] DLL Version: 1.36
2025/09/16-01:55:30.998:[00004EB8#00000000#4] > [InitLibrary] Application Path: C:\Users\DEV2\.jdks\ms-21.0.8\bin\java.exe
2025/09/16-01:55:30.999:[00004EB8#00000000#4] > [InitLibrary] Log verbosity: 6
2025/09/16-01:55:30.999:[00004EB8#00000000#4] > [COSManager::LogSystemVersion] LogSystemVersion: OS-> Windows 10
2025/09/16-01:55:31.001:[00004EB8#00000000#4] > [COSManager::LogSystemVersion] LogSystemVersion: OS-> 64bit
2025/09/16-01:55:31.001:[00004EB8#00000000#4] > [COSManager::LogDisplayVersion] LogSystemVersion: OS-> DisplayVersion: 24H2
2025/09/16-01:55:31.002:[00004EB8#00000000#4] > [COSManager::LogDisplayVersion] LogSystemVersion: OS-> ProductName: Windows 10 Pro
2025/09/16-01:55:31.003:[00004EB8#00000000#4] > [COSManager::LogSystemVersion] LogSystemVersion: OS-> MajorVersion: 10
2025/09/16-01:55:31.004:[00004EB8#00000000#4] > [COSManager::LogSystemVersion] LogSystemVersion: OS-> MinorVersion: 0
2025/09/16-01:55:31.004:[00004EB8#00000000#4] > [COSManager::LogSystemVersion] LogSystemVersion: OS-> CMajorVersion: 0
2025/09/16-01:55:31.005:[00004EB8#00000000#4] > [COSManager::LogSystemVersion] LogSystemVersion: OS-> CMinorVersion: 0
2025/09/16-01:55:31.006:[00004EB8#00000000#4] > [COSManager::LogSystemVersion] LogSystemVersion: OS-> Build: 26100
2025/09/16-01:55:31.018:[00004EB8#00000000#4] > [InitLibrary] Current library signature ID: 0x00000101
2025/09/16-01:55:31.018:[00004EB8#00000000#5] > [InitLibrary] End [0/Ok]
2025/09/16-01:55:31.019:[00004EB8#00000000#5] > [GetVariable] Begin
2025/09/16-01:55:31.020:[00004EB8#00000000#4] > [GetVariable] library_signature_id Get OK : 
2025/09/16-01:55:31.020:[00004EB8#00000000#5] > [GetVariable] End [0/Ok]
2025/09/16-01:55:31.025:[00004EB8#00000000#5] > [GetAPIVersion] Begin
2025/09/16-01:55:31.025:[00004EB8#00000000#4] > [GetAPIVersion] Api Version:1.36
2025/09/16-01:55:31.026:[00004EB8#00000000#5] > [GetAPIVersion] End [0/Ok]
2025/09/16-01:55:31.029:[00004EB8#00000000#5] > [EnumUSBDevices] Begin
2025/09/16-01:55:31.032:[00004EB8#00000000#4] > [EnumUSBDevices] Found 0 USB Devices:
2025/09/16-01:55:31.033:[00004EB8#00000000#5] > [EnumUSBDevices] End [0/Ok]
2025/09/16-01:55:31.034:[00004EB8#00000000#5] > [EnumUSBDevices] Begin
2025/09/16-01:55:31.035:[00004EB8#00000000#4] > [EnumUSBDevices] Found 0 USB Devices:
2025/09/16-01:55:31.035:[00004EB8#00000000#5] > [EnumUSBDevices] End [0/Ok]
2025/09/16-01:56:54.188:[000051F4#00000000#5] > [InitLibrary] Begin
2025/09/16-01:56:54.190:[000051F4#00000000#4] > [InitLibrary] DLL Path: E:\Amay Technosystems\AFC\BackupTVM\AgraCashTVM2\CuCustomWndAPI.dll
2025/09/16-01:56:54.192:[000051F4#00000000#4] > [InitLibrary] DLL Version: 1.36
2025/09/16-01:56:54.193:[000051F4#00000000#4] > [InitLibrary] Application Path: C:\Users\DEV2\.jdks\ms-21.0.8\bin\java.exe
2025/09/16-01:56:54.193:[000051F4#00000000#4] > [InitLibrary] Log verbosity: 6
2025/09/16-01:56:54.194:[000051F4#00000000#4] > [COSManager::LogSystemVersion] LogSystemVersion: OS-> Windows 10
2025/09/16-01:56:54.194:[000051F4#00000000#4] > [COSManager::LogSystemVersion] LogSystemVersion: OS-> 64bit
2025/09/16-01:56:54.195:[000051F4#00000000#4] > [COSManager::LogDisplayVersion] LogSystemVersion: OS-> DisplayVersion: 24H2
2025/09/16-01:56:54.195:[000051F4#00000000#4] > [COSManager::LogDisplayVersion] LogSystemVersion: OS-> ProductName: Windows 10 Pro
2025/09/16-01:56:54.196:[000051F4#00000000#4] > [COSManager::LogSystemVersion] LogSystemVersion: OS-> MajorVersion: 10
2025/09/16-01:56:54.196:[000051F4#00000000#4] > [COSManager::LogSystemVersion] LogSystemVersion: OS-> MinorVersion: 0
2025/09/16-01:56:54.197:[000051F4#00000000#4] > [COSManager::LogSystemVersion] LogSystemVersion: OS-> CMajorVersion: 0
2025/09/16-01:56:54.197:[000051F4#00000000#4] > [COSManager::LogSystemVersion] LogSystemVersion: OS-> CMinorVersion: 0
2025/09/16-01:56:54.198:[000051F4#00000000#4] > [COSManager::LogSystemVersion] LogSystemVersion: OS-> Build: 26100
2025/09/16-01:56:54.209:[000051F4#00000000#4] > [InitLibrary] Current library signature ID: 0x00000101
2025/09/16-01:56:54.209:[000051F4#00000000#5] > [InitLibrary] End [0/Ok]
2025/09/16-01:56:54.210:[000051F4#00000000#5] > [GetVariable] Begin
2025/09/16-01:56:54.211:[000051F4#00000000#4] > [GetVariable] library_signature_id Get OK : 
2025/09/16-01:56:54.211:[000051F4#00000000#5] > [GetVariable] End [0/Ok]
2025/09/16-01:56:54.215:[000051F4#00000000#5] > [GetAPIVersion] Begin
2025/09/16-01:56:54.216:[000051F4#00000000#4] > [GetAPIVersion] Api Version:1.36
2025/09/16-01:56:54.216:[000051F4#00000000#5] > [GetAPIVersion] End [0/Ok]
2025/09/16-01:56:54.221:[000051F4#00000000#5] > [EnumUSBDevices] Begin
2025/09/16-01:56:54.222:[000051F4#00000000#4] > [EnumUSBDevices] Found 0 USB Devices:
2025/09/16-01:56:54.222:[000051F4#00000000#5] > [EnumUSBDevices] End [0/Ok]
2025/09/16-01:56:54.223:[000051F4#00000000#5] > [EnumUSBDevices] Begin
2025/09/16-01:56:54.223:[000051F4#00000000#4] > [EnumUSBDevices] Found 0 USB Devices:
2025/09/16-01:56:54.224:[000051F4#00000000#5] > [EnumUSBDevices] End [0/Ok]
2025/09/16-01:58:04.020:[0000287C#00000000#5] > [InitLibrary] Begin
2025/09/16-01:58:04.020:[0000287C#00000000#4] > [InitLibrary] DLL Path: E:\Amay Technosystems\AFC\BackupTVM\AgraCashTVM2\CuCustomWndAPI.dll
2025/09/16-01:58:04.021:[0000287C#00000000#4] > [InitLibrary] DLL Version: 1.36
2025/09/16-01:58:04.022:[0000287C#00000000#4] > [InitLibrary] Application Path: C:\Users\DEV2\.jdks\ms-21.0.8\bin\java.exe
2025/09/16-01:58:04.022:[0000287C#00000000#4] > [InitLibrary] Log verbosity: 6
2025/09/16-01:58:04.022:[0000287C#00000000#4] > [COSManager::LogSystemVersion] LogSystemVersion: OS-> Windows 10
2025/09/16-01:58:04.024:[0000287C#00000000#4] > [COSManager::LogSystemVersion] LogSystemVersion: OS-> 64bit
2025/09/16-01:58:04.024:[0000287C#00000000#4] > [COSManager::LogDisplayVersion] LogSystemVersion: OS-> DisplayVersion: 24H2
2025/09/16-01:58:04.024:[0000287C#00000000#4] > [COSManager::LogDisplayVersion] LogSystemVersion: OS-> ProductName: Windows 10 Pro
2025/09/16-01:58:04.025:[0000287C#00000000#4] > [COSManager::LogSystemVersion] LogSystemVersion: OS-> MajorVersion: 10
2025/09/16-01:58:04.025:[0000287C#00000000#4] > [COSManager::LogSystemVersion] LogSystemVersion: OS-> MinorVersion: 0
2025/09/16-01:58:04.025:[0000287C#00000000#4] > [COSManager::LogSystemVersion] LogSystemVersion: OS-> CMajorVersion: 0
2025/09/16-01:58:04.027:[0000287C#00000000#4] > [COSManager::LogSystemVersion] LogSystemVersion: OS-> CMinorVersion: 0
2025/09/16-01:58:04.028:[0000287C#00000000#4] > [COSManager::LogSystemVersion] LogSystemVersion: OS-> Build: 26100
2025/09/16-01:58:04.040:[0000287C#00000000#4] > [InitLibrary] Current library signature ID: 0x00000101
2025/09/16-01:58:04.040:[0000287C#00000000#5] > [InitLibrary] End [0/Ok]
2025/09/16-01:58:04.041:[0000287C#00000000#5] > [GetVariable] Begin
2025/09/16-01:58:04.041:[0000287C#00000000#4] > [GetVariable] library_signature_id Get OK : 
2025/09/16-01:58:04.042:[0000287C#00000000#5] > [GetVariable] End [0/Ok]
2025/09/16-01:58:04.045:[0000287C#00000000#5] > [GetAPIVersion] Begin
2025/09/16-01:58:04.046:[0000287C#00000000#4] > [GetAPIVersion] Api Version:1.36
2025/09/16-01:58:04.046:[0000287C#00000000#5] > [GetAPIVersion] End [0/Ok]
2025/09/16-01:58:04.049:[0000287C#00000000#5] > [EnumUSBDevices] Begin
2025/09/16-01:58:04.051:[0000287C#00000000#4] > [EnumUSBDevices] Found 0 USB Devices:
2025/09/16-01:58:04.052:[0000287C#00000000#5] > [EnumUSBDevices] End [0/Ok]
2025/09/16-01:58:04.052:[0000287C#00000000#5] > [EnumUSBDevices] Begin
2025/09/16-01:58:04.052:[0000287C#00000000#4] > [EnumUSBDevices] Found 0 USB Devices:
2025/09/16-01:58:04.053:[0000287C#00000000#5] > [EnumUSBDevices] End [0/Ok]
2025/09/16-01:59:09.931:[000055AC#00000000#5] > [InitLibrary] Begin
2025/09/16-01:59:09.932:[000055AC#00000000#4] > [InitLibrary] DLL Path: E:\Amay Technosystems\AFC\BackupTVM\AgraCashTVM2\CuCustomWndAPI.dll
2025/09/16-01:59:09.933:[000055AC#00000000#4] > [InitLibrary] DLL Version: 1.36
2025/09/16-01:59:09.934:[000055AC#00000000#4] > [InitLibrary] Application Path: C:\Users\DEV2\.jdks\ms-21.0.8\bin\java.exe
2025/09/16-01:59:09.935:[000055AC#00000000#4] > [InitLibrary] Log verbosity: 6
2025/09/16-01:59:09.935:[000055AC#00000000#4] > [COSManager::LogSystemVersion] LogSystemVersion: OS-> Windows 10
2025/09/16-01:59:09.937:[000055AC#00000000#4] > [COSManager::LogSystemVersion] LogSystemVersion: OS-> 64bit
2025/09/16-01:59:09.938:[000055AC#00000000#4] > [COSManager::LogDisplayVersion] LogSystemVersion: OS-> DisplayVersion: 24H2
2025/09/16-01:59:09.939:[000055AC#00000000#4] > [COSManager::LogDisplayVersion] LogSystemVersion: OS-> ProductName: Windows 10 Pro
2025/09/16-01:59:09.939:[000055AC#00000000#4] > [COSManager::LogSystemVersion] LogSystemVersion: OS-> MajorVersion: 10
2025/09/16-01:59:09.940:[000055AC#00000000#4] > [COSManager::LogSystemVersion] LogSystemVersion: OS-> MinorVersion: 0
2025/09/16-01:59:09.941:[000055AC#00000000#4] > [COSManager::LogSystemVersion] LogSystemVersion: OS-> CMajorVersion: 0
2025/09/16-01:59:09.941:[000055AC#00000000#4] > [COSManager::LogSystemVersion] LogSystemVersion: OS-> CMinorVersion: 0
2025/09/16-01:59:09.942:[000055AC#00000000#4] > [COSManager::LogSystemVersion] LogSystemVersion: OS-> Build: 26100
2025/09/16-01:59:09.957:[000055AC#00000000#4] > [InitLibrary] Current library signature ID: 0x00000101
2025/09/16-01:59:09.958:[000055AC#00000000#5] > [InitLibrary] End [0/Ok]
2025/09/16-01:59:09.959:[000055AC#00000000#5] > [GetVariable] Begin
2025/09/16-01:59:09.959:[000055AC#00000000#4] > [GetVariable] library_signature_id Get OK : 
2025/09/16-01:59:09.960:[000055AC#00000000#5] > [GetVariable] End [0/Ok]
2025/09/16-01:59:09.963:[000055AC#00000000#5] > [GetAPIVersion] Begin
2025/09/16-01:59:09.963:[000055AC#00000000#4] > [GetAPIVersion] Api Version:1.36
2025/09/16-01:59:09.964:[000055AC#00000000#5] > [GetAPIVersion] End [0/Ok]
2025/09/16-01:59:09.967:[000055AC#00000000#5] > [EnumUSBDevices] Begin
2025/09/16-01:59:09.970:[000055AC#00000000#4] > [EnumUSBDevices] Found 0 USB Devices:
2025/09/16-01:59:09.970:[000055AC#00000000#5] > [EnumUSBDevices] End [0/Ok]
2025/09/16-01:59:09.970:[000055AC#00000000#5] > [EnumUSBDevices] Begin
2025/09/16-01:59:09.971:[000055AC#00000000#4] > [EnumUSBDevices] Found 0 USB Devices:
2025/09/16-01:59:09.971:[000055AC#00000000#5] > [EnumUSBDevices] End [0/Ok]
2025/09/16-01:59:48.692:[00008244#00000000#5] > [InitLibrary] Begin
2025/09/16-01:59:48.693:[00008244#00000000#4] > [InitLibrary] DLL Path: E:\Amay Technosystems\AFC\BackupTVM\AgraCashTVM2\CuCustomWndAPI.dll
2025/09/16-01:59:48.694:[00008244#00000000#4] > [InitLibrary] DLL Version: 1.36
2025/09/16-01:59:48.694:[00008244#00000000#4] > [InitLibrary] Application Path: C:\Users\DEV2\.jdks\ms-21.0.8\bin\java.exe
2025/09/16-01:59:48.695:[00008244#00000000#4] > [InitLibrary] Log verbosity: 6
2025/09/16-01:59:48.696:[00008244#00000000#4] > [COSManager::LogSystemVersion] LogSystemVersion: OS-> Windows 10
2025/09/16-01:59:48.697:[00008244#00000000#4] > [COSManager::LogSystemVersion] LogSystemVersion: OS-> 64bit
2025/09/16-01:59:48.698:[00008244#00000000#4] > [COSManager::LogDisplayVersion] LogSystemVersion: OS-> DisplayVersion: 24H2
2025/09/16-01:59:48.699:[00008244#00000000#4] > [COSManager::LogDisplayVersion] LogSystemVersion: OS-> ProductName: Windows 10 Pro
2025/09/16-01:59:48.700:[00008244#00000000#4] > [COSManager::LogSystemVersion] LogSystemVersion: OS-> MajorVersion: 10
2025/09/16-01:59:48.701:[00008244#00000000#4] > [COSManager::LogSystemVersion] LogSystemVersion: OS-> MinorVersion: 0
2025/09/16-01:59:48.701:[00008244#00000000#4] > [COSManager::LogSystemVersion] LogSystemVersion: OS-> CMajorVersion: 0
2025/09/16-01:59:48.702:[00008244#00000000#4] > [COSManager::LogSystemVersion] LogSystemVersion: OS-> CMinorVersion: 0
2025/09/16-01:59:48.704:[00008244#00000000#4] > [COSManager::LogSystemVersion] LogSystemVersion: OS-> Build: 26100
2025/09/16-01:59:48.715:[00008244#00000000#4] > [InitLibrary] Current library signature ID: 0x00000101
2025/09/16-01:59:48.717:[00008244#00000000#5] > [InitLibrary] End [0/Ok]
2025/09/16-01:59:48.717:[00008244#00000000#5] > [GetVariable] Begin
2025/09/16-01:59:48.718:[00008244#00000000#4] > [GetVariable] library_signature_id Get OK : 
2025/09/16-01:59:48.718:[00008244#00000000#5] > [GetVariable] End [0/Ok]
2025/09/16-01:59:48.722:[00008244#00000000#5] > [GetAPIVersion] Begin
2025/09/16-01:59:48.722:[00008244#00000000#4] > [GetAPIVersion] Api Version:1.36
2025/09/16-01:59:48.722:[00008244#00000000#5] > [GetAPIVersion] End [0/Ok]
2025/09/16-01:59:48.726:[00008244#00000000#5] > [EnumUSBDevices] Begin
2025/09/16-01:59:48.729:[00008244#00000000#4] > [EnumUSBDevices] Found 0 USB Devices:
2025/09/16-01:59:48.729:[00008244#00000000#5] > [EnumUSBDevices] End [0/Ok]
2025/09/16-01:59:48.730:[00008244#00000000#5] > [EnumUSBDevices] Begin
2025/09/16-01:59:48.730:[00008244#00000000#4] > [EnumUSBDevices] Found 0 USB Devices:
2025/09/16-01:59:48.731:[00008244#00000000#5] > [EnumUSBDevices] End [0/Ok]
2025/09/16-02:01:29.565:[00003B38#00000000#5] > [InitLibrary] Begin
2025/09/16-02:01:29.566:[00003B38#00000000#4] > [InitLibrary] DLL Path: E:\Amay Technosystems\AFC\BackupTVM\AgraCashTVM2\CuCustomWndAPI.dll
2025/09/16-02:01:29.568:[00003B38#00000000#4] > [InitLibrary] DLL Version: 1.36
2025/09/16-02:01:29.570:[00003B38#00000000#4] > [InitLibrary] Application Path: C:\Users\DEV2\.jdks\ms-21.0.8\bin\java.exe
2025/09/16-02:01:29.572:[00003B38#00000000#4] > [InitLibrary] Log verbosity: 6
2025/09/16-02:01:29.573:[00003B38#00000000#4] > [COSManager::LogSystemVersion] LogSystemVersion: OS-> Windows 10
2025/09/16-02:01:29.575:[00003B38#00000000#4] > [COSManager::LogSystemVersion] LogSystemVersion: OS-> 64bit
2025/09/16-02:01:29.575:[00003B38#00000000#4] > [COSManager::LogDisplayVersion] LogSystemVersion: OS-> DisplayVersion: 24H2
2025/09/16-02:01:29.577:[00003B38#00000000#4] > [COSManager::LogDisplayVersion] LogSystemVersion: OS-> ProductName: Windows 10 Pro
2025/09/16-02:01:29.578:[00003B38#00000000#4] > [COSManager::LogSystemVersion] LogSystemVersion: OS-> MajorVersion: 10
2025/09/16-02:01:29.580:[00003B38#00000000#4] > [COSManager::LogSystemVersion] LogSystemVersion: OS-> MinorVersion: 0
2025/09/16-02:01:29.581:[00003B38#00000000#4] > [COSManager::LogSystemVersion] LogSystemVersion: OS-> CMajorVersion: 0
2025/09/16-02:01:29.582:[00003B38#00000000#4] > [COSManager::LogSystemVersion] LogSystemVersion: OS-> CMinorVersion: 0
2025/09/16-02:01:29.583:[00003B38#00000000#4] > [COSManager::LogSystemVersion] LogSystemVersion: OS-> Build: 26100
2025/09/16-02:01:29.594:[00003B38#00000000#4] > [InitLibrary] Current library signature ID: 0x00000101
2025/09/16-02:01:29.594:[00003B38#00000000#5] > [InitLibrary] End [0/Ok]
2025/09/16-02:01:29.595:[00003B38#00000000#5] > [GetVariable] Begin
2025/09/16-02:01:29.595:[00003B38#00000000#4] > [GetVariable] library_signature_id Get OK : 
2025/09/16-02:01:29.596:[00003B38#00000000#5] > [GetVariable] End [0/Ok]
2025/09/16-02:01:29.600:[00003B38#00000000#5] > [GetAPIVersion] Begin
2025/09/16-02:01:29.600:[00003B38#00000000#4] > [GetAPIVersion] Api Version:1.36
2025/09/16-02:01:29.601:[00003B38#00000000#5] > [GetAPIVersion] End [0/Ok]
2025/09/16-02:01:29.605:[00003B38#00000000#5] > [EnumUSBDevices] Begin
2025/09/16-02:01:29.607:[00003B38#00000000#4] > [EnumUSBDevices] Found 0 USB Devices:
2025/09/16-02:01:29.607:[00003B38#00000000#5] > [EnumUSBDevices] End [0/Ok]
2025/09/16-02:01:29.608:[00003B38#00000000#5] > [EnumUSBDevices] Begin
2025/09/16-02:01:29.608:[00003B38#00000000#4] > [EnumUSBDevices] Found 0 USB Devices:
2025/09/16-02:01:29.608:[00003B38#00000000#5] > [EnumUSBDevices] End [0/Ok]
2025/09/16-10:47:07.672:[00000FE0#00000000#5] > [InitLibrary] Begin
2025/09/16-10:47:07.673:[00000FE0#00000000#4] > [InitLibrary] DLL Path: E:\Amay Technosystems\AFC\BackupTVM\AgraCashTVM2\CuCustomWndAPI.dll
2025/09/16-10:47:07.674:[00000FE0#00000000#4] > [InitLibrary] DLL Version: 1.36
2025/09/16-10:47:07.674:[00000FE0#00000000#4] > [InitLibrary] Application Path: C:\Users\DEV2\.jdks\ms-21.0.8\bin\java.exe
2025/09/16-10:47:07.675:[00000FE0#00000000#4] > [InitLibrary] Log verbosity: 6
2025/09/16-10:47:07.675:[00000FE0#00000000#4] > [COSManager::LogSystemVersion] LogSystemVersion: OS-> Windows 10
2025/09/16-10:47:07.675:[00000FE0#00000000#4] > [COSManager::LogSystemVersion] LogSystemVersion: OS-> 64bit
2025/09/16-10:47:07.676:[00000FE0#00000000#4] > [COSManager::LogDisplayVersion] LogSystemVersion: OS-> DisplayVersion: 24H2
2025/09/16-10:47:07.676:[00000FE0#00000000#4] > [COSManager::LogDisplayVersion] LogSystemVersion: OS-> ProductName: Windows 10 Pro
2025/09/16-10:47:07.676:[00000FE0#00000000#4] > [COSManager::LogSystemVersion] LogSystemVersion: OS-> MajorVersion: 10
2025/09/16-10:47:07.676:[00000FE0#00000000#4] > [COSManager::LogSystemVersion] LogSystemVersion: OS-> MinorVersion: 0
2025/09/16-10:47:07.678:[00000FE0#00000000#4] > [COSManager::LogSystemVersion] LogSystemVersion: OS-> CMajorVersion: 0
2025/09/16-10:47:07.678:[00000FE0#00000000#4] > [COSManager::LogSystemVersion] LogSystemVersion: OS-> CMinorVersion: 0
2025/09/16-10:47:07.678:[00000FE0#00000000#4] > [COSManager::LogSystemVersion] LogSystemVersion: OS-> Build: 26100
2025/09/16-10:47:07.690:[00000FE0#00000000#4] > [InitLibrary] Current library signature ID: 0x00000101
2025/09/16-10:47:07.691:[00000FE0#00000000#5] > [InitLibrary] End [0/Ok]
2025/09/16-10:47:07.692:[00000FE0#00000000#5] > [GetVariable] Begin
2025/09/16-10:47:07.693:[00000FE0#00000000#4] > [GetVariable] library_signature_id Get OK : 
2025/09/16-10:47:07.694:[00000FE0#00000000#5] > [GetVariable] End [0/Ok]
2025/09/16-10:47:07.696:[00000FE0#00000000#5] > [GetAPIVersion] Begin
2025/09/16-10:47:07.697:[00000FE0#00000000#4] > [GetAPIVersion] Api Version:1.36
2025/09/16-10:47:07.697:[00000FE0#00000000#5] > [GetAPIVersion] End [0/Ok]
2025/09/16-10:47:07.701:[00000FE0#00000000#5] > [EnumUSBDevices] Begin
2025/09/16-10:47:07.703:[00000FE0#00000000#4] > [EnumUSBDevices] Found 0 USB Devices:
2025/09/16-10:47:07.703:[00000FE0#00000000#5] > [EnumUSBDevices] End [0/Ok]
2025/09/16-10:47:07.704:[00000FE0#00000000#5] > [EnumUSBDevices] Begin
2025/09/16-10:47:07.704:[00000FE0#00000000#4] > [EnumUSBDevices] Found 0 USB Devices:
2025/09/16-10:47:07.704:[00000FE0#00000000#5] > [EnumUSBDevices] End [0/Ok]
2025/09/16-10:56:29.200:[00005698#00000000#5] > [InitLibrary] Begin
2025/09/16-10:56:29.201:[00005698#00000000#4] > [InitLibrary] DLL Path: E:\Amay Technosystems\AFC\BackupTVM\AgraCashTVM2\CuCustomWndAPI.dll
2025/09/16-10:56:29.202:[00005698#00000000#4] > [InitLibrary] DLL Version: 1.36
2025/09/16-10:56:29.203:[00005698#00000000#4] > [InitLibrary] Application Path: C:\Users\DEV2\.jdks\ms-21.0.8\bin\java.exe
2025/09/16-10:56:29.204:[00005698#00000000#4] > [InitLibrary] Log verbosity: 6
2025/09/16-10:56:29.204:[00005698#00000000#4] > [COSManager::LogSystemVersion] LogSystemVersion: OS-> Windows 10
2025/09/16-10:56:29.204:[00005698#00000000#4] > [COSManager::LogSystemVersion] LogSystemVersion: OS-> 64bit
2025/09/16-10:56:29.205:[00005698#00000000#4] > [COSManager::LogDisplayVersion] LogSystemVersion: OS-> DisplayVersion: 24H2
2025/09/16-10:56:29.205:[00005698#00000000#4] > [COSManager::LogDisplayVersion] LogSystemVersion: OS-> ProductName: Windows 10 Pro
2025/09/16-10:56:29.206:[00005698#00000000#4] > [COSManager::LogSystemVersion] LogSystemVersion: OS-> MajorVersion: 10
2025/09/16-10:56:29.207:[00005698#00000000#4] > [COSManager::LogSystemVersion] LogSystemVersion: OS-> MinorVersion: 0
2025/09/16-10:56:29.207:[00005698#00000000#4] > [COSManager::LogSystemVersion] LogSystemVersion: OS-> CMajorVersion: 0
2025/09/16-10:56:29.208:[00005698#00000000#4] > [COSManager::LogSystemVersion] LogSystemVersion: OS-> CMinorVersion: 0
2025/09/16-10:56:29.209:[00005698#00000000#4] > [COSManager::LogSystemVersion] LogSystemVersion: OS-> Build: 26100
2025/09/16-10:56:29.219:[00005698#00000000#4] > [InitLibrary] Current library signature ID: 0x00000101
2025/09/16-10:56:29.220:[00005698#00000000#5] > [InitLibrary] End [0/Ok]
2025/09/16-10:56:29.221:[00005698#00000000#5] > [GetVariable] Begin
2025/09/16-10:56:29.222:[00005698#00000000#4] > [GetVariable] library_signature_id Get OK : 
2025/09/16-10:56:29.222:[00005698#00000000#5] > [GetVariable] End [0/Ok]
2025/09/16-10:56:29.227:[00005698#00000000#5] > [GetAPIVersion] Begin
2025/09/16-10:56:29.227:[00005698#00000000#4] > [GetAPIVersion] Api Version:1.36
2025/09/16-10:56:29.228:[00005698#00000000#5] > [GetAPIVersion] End [0/Ok]
2025/09/16-10:56:29.232:[00005698#00000000#5] > [EnumUSBDevices] Begin
2025/09/16-10:56:29.233:[00005698#00000000#4] > [EnumUSBDevices] Found 0 USB Devices:
2025/09/16-10:56:29.234:[00005698#00000000#5] > [EnumUSBDevices] End [0/Ok]
2025/09/16-10:56:29.235:[00005698#00000000#5] > [EnumUSBDevices] Begin
2025/09/16-10:56:29.235:[00005698#00000000#4] > [EnumUSBDevices] Found 0 USB Devices:
2025/09/16-10:56:29.235:[00005698#00000000#5] > [EnumUSBDevices] End [0/Ok]
2025/09/16-11:31:55.952:[00002EA4#00000000#5] > [InitLibrary] Begin
2025/09/16-11:31:55.952:[00002EA4#00000000#4] > [InitLibrary] DLL Path: E:\Amay Technosystems\AFC\BackupTVM\AgraCashTVM2\CuCustomWndAPI.dll
2025/09/16-11:31:55.953:[00002EA4#00000000#4] > [InitLibrary] DLL Version: 1.36
2025/09/16-11:31:55.953:[00002EA4#00000000#4] > [InitLibrary] Application Path: C:\Users\DEV2\.jdks\ms-21.0.8\bin\java.exe
2025/09/16-11:31:55.955:[00002EA4#00000000#4] > [InitLibrary] Log verbosity: 6
2025/09/16-11:31:55.956:[00002EA4#00000000#4] > [COSManager::LogSystemVersion] LogSystemVersion: OS-> Windows 10
2025/09/16-11:31:55.956:[00002EA4#00000000#4] > [COSManager::LogSystemVersion] LogSystemVersion: OS-> 64bit
2025/09/16-11:31:55.957:[00002EA4#00000000#4] > [COSManager::LogDisplayVersion] LogSystemVersion: OS-> DisplayVersion: 24H2
2025/09/16-11:31:55.958:[00002EA4#00000000#4] > [COSManager::LogDisplayVersion] LogSystemVersion: OS-> ProductName: Windows 10 Pro
2025/09/16-11:31:55.959:[00002EA4#00000000#4] > [COSManager::LogSystemVersion] LogSystemVersion: OS-> MajorVersion: 10
2025/09/16-11:31:55.960:[00002EA4#00000000#4] > [COSManager::LogSystemVersion] LogSystemVersion: OS-> MinorVersion: 0
2025/09/16-11:31:55.960:[00002EA4#00000000#4] > [COSManager::LogSystemVersion] LogSystemVersion: OS-> CMajorVersion: 0
2025/09/16-11:31:55.961:[00002EA4#00000000#4] > [COSManager::LogSystemVersion] LogSystemVersion: OS-> CMinorVersion: 0
2025/09/16-11:31:55.962:[00002EA4#00000000#4] > [COSManager::LogSystemVersion] LogSystemVersion: OS-> Build: 26100
2025/09/16-11:31:55.973:[00002EA4#00000000#4] > [InitLibrary] Current library signature ID: 0x00000101
2025/09/16-11:31:55.974:[00002EA4#00000000#5] > [InitLibrary] End [0/Ok]
2025/09/16-11:31:55.975:[00002EA4#00000000#5] > [GetVariable] Begin
2025/09/16-11:31:55.975:[00002EA4#00000000#4] > [GetVariable] library_signature_id Get OK : 
2025/09/16-11:31:55.976:[00002EA4#00000000#5] > [GetVariable] End [0/Ok]
2025/09/16-11:31:55.980:[00002EA4#00000000#5] > [GetAPIVersion] Begin
2025/09/16-11:31:55.980:[00002EA4#00000000#4] > [GetAPIVersion] Api Version:1.36
2025/09/16-11:31:55.980:[00002EA4#00000000#5] > [GetAPIVersion] End [0/Ok]
2025/09/16-11:31:55.984:[00002EA4#00000000#5] > [EnumUSBDevices] Begin
2025/09/16-11:31:55.986:[00002EA4#00000000#4] > [EnumUSBDevices] Found 0 USB Devices:
2025/09/16-11:31:55.987:[00002EA4#00000000#5] > [EnumUSBDevices] End [0/Ok]
2025/09/16-11:31:55.988:[00002EA4#00000000#5] > [EnumUSBDevices] Begin
2025/09/16-11:31:55.989:[00002EA4#00000000#4] > [EnumUSBDevices] Found 0 USB Devices:
2025/09/16-11:31:55.989:[00002EA4#00000000#5] > [EnumUSBDevices] End [0/Ok]
2025/09/16-12:21:27.714:[00007A80#00000000#5] > [InitLibrary] Begin
2025/09/16-12:21:27.715:[00007A80#00000000#4] > [InitLibrary] DLL Path: E:\Amay Technosystems\AFC\BackupTVM\AgraCashTVM2\CuCustomWndAPI.dll
2025/09/16-12:21:27.716:[00007A80#00000000#4] > [InitLibrary] DLL Version: 1.36
2025/09/16-12:21:27.716:[00007A80#00000000#4] > [InitLibrary] Application Path: C:\Users\DEV2\.jdks\ms-21.0.8\bin\java.exe
2025/09/16-12:21:27.717:[00007A80#00000000#4] > [InitLibrary] Log verbosity: 6
2025/09/16-12:21:27.718:[00007A80#00000000#4] > [COSManager::LogSystemVersion] LogSystemVersion: OS-> Windows 10
2025/09/16-12:21:27.719:[00007A80#00000000#4] > [COSManager::LogSystemVersion] LogSystemVersion: OS-> 64bit
2025/09/16-12:21:27.719:[00007A80#00000000#4] > [COSManager::LogDisplayVersion] LogSystemVersion: OS-> DisplayVersion: 24H2
2025/09/16-12:21:27.720:[00007A80#00000000#4] > [COSManager::LogDisplayVersion] LogSystemVersion: OS-> ProductName: Windows 10 Pro
2025/09/16-12:21:27.721:[00007A80#00000000#4] > [COSManager::LogSystemVersion] LogSystemVersion: OS-> MajorVersion: 10
2025/09/16-12:21:27.722:[00007A80#00000000#4] > [COSManager::LogSystemVersion] LogSystemVersion: OS-> MinorVersion: 0
2025/09/16-12:21:27.722:[00007A80#00000000#4] > [COSManager::LogSystemVersion] LogSystemVersion: OS-> CMajorVersion: 0
2025/09/16-12:21:27.723:[00007A80#00000000#4] > [COSManager::LogSystemVersion] LogSystemVersion: OS-> CMinorVersion: 0
2025/09/16-12:21:27.724:[00007A80#00000000#4] > [COSManager::LogSystemVersion] LogSystemVersion: OS-> Build: 26100
2025/09/16-12:21:27.739:[00007A80#00000000#4] > [InitLibrary] Current library signature ID: 0x00000101
2025/09/16-12:21:27.740:[00007A80#00000000#5] > [InitLibrary] End [0/Ok]
2025/09/16-12:21:27.740:[00007A80#00000000#5] > [GetVariable] Begin
2025/09/16-12:21:27.741:[00007A80#00000000#4] > [GetVariable] library_signature_id Get OK : 
2025/09/16-12:21:27.742:[00007A80#00000000#5] > [GetVariable] End [0/Ok]
2025/09/16-12:21:27.746:[00007A80#00000000#5] > [GetAPIVersion] Begin
2025/09/16-12:21:27.746:[00007A80#00000000#4] > [GetAPIVersion] Api Version:1.36
2025/09/16-12:21:27.746:[00007A80#00000000#5] > [GetAPIVersion] End [0/Ok]
2025/09/16-12:21:27.749:[00007A80#00000000#5] > [EnumUSBDevices] Begin
2025/09/16-12:21:27.751:[00007A80#00000000#4] > [EnumUSBDevices] Found 0 USB Devices:
2025/09/16-12:21:27.751:[00007A80#00000000#5] > [EnumUSBDevices] End [0/Ok]
2025/09/16-12:21:27.752:[00007A80#00000000#5] > [EnumUSBDevices] Begin
2025/09/16-12:21:27.752:[00007A80#00000000#4] > [EnumUSBDevices] Found 0 USB Devices:
2025/09/16-12:21:27.753:[00007A80#00000000#5] > [EnumUSBDevices] End [0/Ok]
2025/09/16-12:25:11.881:[00000BF4#00000000#5] > [InitLibrary] Begin
2025/09/16-12:25:11.881:[00000BF4#00000000#4] > [InitLibrary] DLL Path: E:\Amay Technosystems\AFC\BackupTVM\AgraCashTVM2\CuCustomWndAPI.dll
2025/09/16-12:25:11.882:[00000BF4#00000000#4] > [InitLibrary] DLL Version: 1.36
2025/09/16-12:25:11.883:[00000BF4#00000000#4] > [InitLibrary] Application Path: C:\Users\DEV2\.jdks\ms-21.0.8\bin\java.exe
2025/09/16-12:25:11.884:[00000BF4#00000000#4] > [InitLibrary] Log verbosity: 6
2025/09/16-12:25:11.884:[00000BF4#00000000#4] > [COSManager::LogSystemVersion] LogSystemVersion: OS-> Windows 10
2025/09/16-12:25:11.885:[00000BF4#00000000#4] > [COSManager::LogSystemVersion] LogSystemVersion: OS-> 64bit
2025/09/16-12:25:11.886:[00000BF4#00000000#4] > [COSManager::LogDisplayVersion] LogSystemVersion: OS-> DisplayVersion: 24H2
2025/09/16-12:25:11.887:[00000BF4#00000000#4] > [COSManager::LogDisplayVersion] LogSystemVersion: OS-> ProductName: Windows 10 Pro
2025/09/16-12:25:11.887:[00000BF4#00000000#4] > [COSManager::LogSystemVersion] LogSystemVersion: OS-> MajorVersion: 10
2025/09/16-12:25:11.888:[00000BF4#00000000#4] > [COSManager::LogSystemVersion] LogSystemVersion: OS-> MinorVersion: 0
2025/09/16-12:25:11.889:[00000BF4#00000000#4] > [COSManager::LogSystemVersion] LogSystemVersion: OS-> CMajorVersion: 0
2025/09/16-12:25:11.890:[00000BF4#00000000#4] > [COSManager::LogSystemVersion] LogSystemVersion: OS-> CMinorVersion: 0
2025/09/16-12:25:11.892:[00000BF4#00000000#4] > [COSManager::LogSystemVersion] LogSystemVersion: OS-> Build: 26100
2025/09/16-12:25:11.908:[00000BF4#00000000#4] > [InitLibrary] Current library signature ID: 0x00000101
2025/09/16-12:25:11.909:[00000BF4#00000000#5] > [InitLibrary] End [0/Ok]
2025/09/16-12:25:11.910:[00000BF4#00000000#5] > [GetVariable] Begin
2025/09/16-12:25:11.910:[00000BF4#00000000#4] > [GetVariable] library_signature_id Get OK : 
2025/09/16-12:25:11.911:[00000BF4#00000000#5] > [GetVariable] End [0/Ok]
2025/09/16-12:25:11.918:[00000BF4#00000000#5] > [GetAPIVersion] Begin
2025/09/16-12:25:11.918:[00000BF4#00000000#4] > [GetAPIVersion] Api Version:1.36
2025/09/16-12:25:11.920:[00000BF4#00000000#5] > [GetAPIVersion] End [0/Ok]
2025/09/16-12:25:11.925:[00000BF4#00000000#5] > [EnumUSBDevices] Begin
2025/09/16-12:25:11.928:[00000BF4#00000000#4] > [EnumUSBDevices] Found 0 USB Devices:
2025/09/16-12:25:11.930:[00000BF4#00000000#5] > [EnumUSBDevices] End [0/Ok]
2025/09/16-12:25:11.930:[00000BF4#00000000#5] > [EnumUSBDevices] Begin
2025/09/16-12:25:11.931:[00000BF4#00000000#4] > [EnumUSBDevices] Found 0 USB Devices:
2025/09/16-12:25:11.932:[00000BF4#00000000#5] > [EnumUSBDevices] End [0/Ok]
2025/09/16-12:25:54.436:[00004C3C#00000000#5] > [InitLibrary] Begin
2025/09/16-12:25:54.436:[00004C3C#00000000#4] > [InitLibrary] DLL Path: E:\Amay Technosystems\AFC\BackupTVM\AgraCashTVM2\CuCustomWndAPI.dll
2025/09/16-12:25:54.437:[00004C3C#00000000#4] > [InitLibrary] DLL Version: 1.36
2025/09/16-12:25:54.437:[00004C3C#00000000#4] > [InitLibrary] Application Path: C:\Users\DEV2\.jdks\ms-21.0.8\bin\java.exe
2025/09/16-12:25:54.437:[00004C3C#00000000#4] > [InitLibrary] Log verbosity: 6
2025/09/16-12:25:54.437:[00004C3C#00000000#4] > [COSManager::LogSystemVersion] LogSystemVersion: OS-> Windows 10
2025/09/16-12:25:54.438:[00004C3C#00000000#4] > [COSManager::LogSystemVersion] LogSystemVersion: OS-> 64bit
2025/09/16-12:25:54.438:[00004C3C#00000000#4] > [COSManager::LogDisplayVersion] LogSystemVersion: OS-> DisplayVersion: 24H2
2025/09/16-12:25:54.439:[00004C3C#00000000#4] > [COSManager::LogDisplayVersion] LogSystemVersion: OS-> ProductName: Windows 10 Pro
2025/09/16-12:25:54.439:[00004C3C#00000000#4] > [COSManager::LogSystemVersion] LogSystemVersion: OS-> MajorVersion: 10
2025/09/16-12:25:54.439:[00004C3C#00000000#4] > [COSManager::LogSystemVersion] LogSystemVersion: OS-> MinorVersion: 0
2025/09/16-12:25:54.440:[00004C3C#00000000#4] > [COSManager::LogSystemVersion] LogSystemVersion: OS-> CMajorVersion: 0
2025/09/16-12:25:54.440:[00004C3C#00000000#4] > [COSManager::LogSystemVersion] LogSystemVersion: OS-> CMinorVersion: 0
2025/09/16-12:25:54.440:[00004C3C#00000000#4] > [COSManager::LogSystemVersion] LogSystemVersion: OS-> Build: 26100
2025/09/16-12:25:54.451:[00004C3C#00000000#4] > [InitLibrary] Current library signature ID: 0x00000101
2025/09/16-12:25:54.452:[00004C3C#00000000#5] > [InitLibrary] End [0/Ok]
2025/09/16-12:25:54.453:[00004C3C#00000000#5] > [GetVariable] Begin
2025/09/16-12:25:54.453:[00004C3C#00000000#4] > [GetVariable] library_signature_id Get OK : 
2025/09/16-12:25:54.453:[00004C3C#00000000#5] > [GetVariable] End [0/Ok]
2025/09/16-12:25:54.456:[00004C3C#00000000#5] > [GetAPIVersion] Begin
2025/09/16-12:25:54.457:[00004C3C#00000000#4] > [GetAPIVersion] Api Version:1.36
2025/09/16-12:25:54.457:[00004C3C#00000000#5] > [GetAPIVersion] End [0/Ok]
2025/09/16-12:25:54.460:[00004C3C#00000000#5] > [EnumUSBDevices] Begin
2025/09/16-12:25:54.462:[00004C3C#00000000#4] > [EnumUSBDevices] Found 0 USB Devices:
2025/09/16-12:25:54.463:[00004C3C#00000000#5] > [EnumUSBDevices] End [0/Ok]
2025/09/16-12:25:54.464:[00004C3C#00000000#5] > [EnumUSBDevices] Begin
2025/09/16-12:25:54.464:[00004C3C#00000000#4] > [EnumUSBDevices] Found 0 USB Devices:
2025/09/16-12:25:54.465:[00004C3C#00000000#5] > [EnumUSBDevices] End [0/Ok]
2025/09/16-13:23:49.286:[00001D80#00000000#5] > [InitLibrary] Begin
2025/09/16-13:23:49.288:[00001D80#00000000#4] > [InitLibrary] DLL Path: E:\Amay Technosystems\AFC\BackupTVM\AgraCashTVM2\CuCustomWndAPI.dll
2025/09/16-13:23:49.290:[00001D80#00000000#4] > [InitLibrary] DLL Version: 1.36
2025/09/16-13:23:49.290:[00001D80#00000000#4] > [InitLibrary] Application Path: C:\Users\DEV2\.jdks\ms-21.0.8\bin\java.exe
2025/09/16-13:23:49.292:[00001D80#00000000#4] > [InitLibrary] Log verbosity: 6
2025/09/16-13:23:49.292:[00001D80#00000000#4] > [COSManager::LogSystemVersion] LogSystemVersion: OS-> Windows 10
2025/09/16-13:23:49.294:[00001D80#00000000#4] > [COSManager::LogSystemVersion] LogSystemVersion: OS-> 64bit
2025/09/16-13:23:49.295:[00001D80#00000000#4] > [COSManager::LogDisplayVersion] LogSystemVersion: OS-> DisplayVersion: 24H2
2025/09/16-13:23:49.295:[00001D80#00000000#4] > [COSManager::LogDisplayVersion] LogSystemVersion: OS-> ProductName: Windows 10 Pro
2025/09/16-13:23:49.296:[00001D80#00000000#4] > [COSManager::LogSystemVersion] LogSystemVersion: OS-> MajorVersion: 10
2025/09/16-13:23:49.296:[00001D80#00000000#4] > [COSManager::LogSystemVersion] LogSystemVersion: OS-> MinorVersion: 0
2025/09/16-13:23:49.298:[00001D80#00000000#4] > [COSManager::LogSystemVersion] LogSystemVersion: OS-> CMajorVersion: 0
2025/09/16-13:23:49.299:[00001D80#00000000#4] > [COSManager::LogSystemVersion] LogSystemVersion: OS-> CMinorVersion: 0
2025/09/16-13:23:49.299:[00001D80#00000000#4] > [COSManager::LogSystemVersion] LogSystemVersion: OS-> Build: 26100
2025/09/16-13:23:49.318:[00001D80#00000000#4] > [InitLibrary] Current library signature ID: 0x00000101
2025/09/16-13:23:49.318:[00001D80#00000000#5] > [InitLibrary] End [0/Ok]
2025/09/16-13:23:49.318:[00001D80#00000000#5] > [GetVariable] Begin
2025/09/16-13:23:49.318:[00001D80#00000000#4] > [GetVariable] library_signature_id Get OK : 
2025/09/16-13:23:49.318:[00001D80#00000000#5] > [GetVariable] End [0/Ok]
2025/09/16-13:23:49.318:[00001D80#00000000#5] > [GetAPIVersion] Begin
2025/09/16-13:23:49.327:[00001D80#00000000#4] > [GetAPIVersion] Api Version:1.36
2025/09/16-13:23:49.328:[00001D80#00000000#5] > [GetAPIVersion] End [0/Ok]
2025/09/16-13:23:49.330:[00001D80#00000000#5] > [EnumUSBDevices] Begin
2025/09/16-13:23:49.330:[00001D80#00000000#4] > [EnumUSBDevices] Found 0 USB Devices:
2025/09/16-13:23:49.330:[00001D80#00000000#5] > [EnumUSBDevices] End [0/Ok]
2025/09/16-13:23:49.337:[00001D80#00000000#5] > [EnumUSBDevices] Begin
2025/09/16-13:23:49.338:[00001D80#00000000#4] > [EnumUSBDevices] Found 0 USB Devices:
2025/09/16-13:23:49.338:[00001D80#00000000#5] > [EnumUSBDevices] End [0/Ok]
2025/09/16-13:24:49.055:[00002870#00000000#5] > [InitLibrary] Begin
2025/09/16-13:24:49.056:[00002870#00000000#4] > [InitLibrary] DLL Path: E:\Amay Technosystems\AFC\BackupTVM\AgraCashTVM2\CuCustomWndAPI.dll
2025/09/16-13:24:49.056:[00002870#00000000#4] > [InitLibrary] DLL Version: 1.36
2025/09/16-13:24:49.057:[00002870#00000000#4] > [InitLibrary] Application Path: C:\Users\DEV2\.jdks\ms-21.0.8\bin\java.exe
2025/09/16-13:24:49.058:[00002870#00000000#4] > [InitLibrary] Log verbosity: 6
2025/09/16-13:24:49.058:[00002870#00000000#4] > [COSManager::LogSystemVersion] LogSystemVersion: OS-> Windows 10
2025/09/16-13:24:49.059:[00002870#00000000#4] > [COSManager::LogSystemVersion] LogSystemVersion: OS-> 64bit
2025/09/16-13:24:49.059:[00002870#00000000#4] > [COSManager::LogDisplayVersion] LogSystemVersion: OS-> DisplayVersion: 24H2
2025/09/16-13:24:49.060:[00002870#00000000#4] > [COSManager::LogDisplayVersion] LogSystemVersion: OS-> ProductName: Windows 10 Pro
2025/09/16-13:24:49.061:[00002870#00000000#4] > [COSManager::LogSystemVersion] LogSystemVersion: OS-> MajorVersion: 10
2025/09/16-13:24:49.062:[00002870#00000000#4] > [COSManager::LogSystemVersion] LogSystemVersion: OS-> MinorVersion: 0
2025/09/16-13:24:49.062:[00002870#00000000#4] > [COSManager::LogSystemVersion] LogSystemVersion: OS-> CMajorVersion: 0
2025/09/16-13:24:49.063:[00002870#00000000#4] > [COSManager::LogSystemVersion] LogSystemVersion: OS-> CMinorVersion: 0
2025/09/16-13:24:49.063:[00002870#00000000#4] > [COSManager::LogSystemVersion] LogSystemVersion: OS-> Build: 26100
2025/09/16-13:24:49.073:[00002870#00000000#4] > [InitLibrary] Current library signature ID: 0x00000101
2025/09/16-13:24:49.073:[00002870#00000000#5] > [InitLibrary] End [0/Ok]
2025/09/16-13:24:49.075:[00002870#00000000#5] > [GetVariable] Begin
2025/09/16-13:24:49.075:[00002870#00000000#4] > [GetVariable] library_signature_id Get OK : 
2025/09/16-13:24:49.075:[00002870#00000000#5] > [GetVariable] End [0/Ok]
2025/09/16-13:24:49.078:[00002870#00000000#5] > [GetAPIVersion] Begin
2025/09/16-13:24:49.079:[00002870#00000000#4] > [GetAPIVersion] Api Version:1.36
2025/09/16-13:24:49.079:[00002870#00000000#5] > [GetAPIVersion] End [0/Ok]
2025/09/16-13:24:49.082:[00002870#00000000#5] > [EnumUSBDevices] Begin
2025/09/16-13:24:49.084:[00002870#00000000#4] > [EnumUSBDevices] Found 0 USB Devices:
2025/09/16-13:24:49.084:[00002870#00000000#5] > [EnumUSBDevices] End [0/Ok]
2025/09/16-13:24:49.085:[00002870#00000000#5] > [EnumUSBDevices] Begin
2025/09/16-13:24:49.086:[00002870#00000000#4] > [EnumUSBDevices] Found 0 USB Devices:
2025/09/16-13:24:49.086:[00002870#00000000#5] > [EnumUSBDevices] End [0/Ok]
2025/09/16-13:25:38.164:[00005268#00000000#5] > [InitLibrary] Begin
2025/09/16-13:25:38.165:[00005268#00000000#4] > [InitLibrary] DLL Path: E:\Amay Technosystems\AFC\BackupTVM\AgraCashTVM2\CuCustomWndAPI.dll
2025/09/16-13:25:38.166:[00005268#00000000#4] > [InitLibrary] DLL Version: 1.36
2025/09/16-13:25:38.166:[00005268#00000000#4] > [InitLibrary] Application Path: C:\Users\DEV2\.jdks\ms-21.0.8\bin\java.exe
2025/09/16-13:25:38.167:[00005268#00000000#4] > [InitLibrary] Log verbosity: 6
2025/09/16-13:25:38.167:[00005268#00000000#4] > [COSManager::LogSystemVersion] LogSystemVersion: OS-> Windows 10
2025/09/16-13:25:38.168:[00005268#00000000#4] > [COSManager::LogSystemVersion] LogSystemVersion: OS-> 64bit
2025/09/16-13:25:38.168:[00005268#00000000#4] > [COSManager::LogDisplayVersion] LogSystemVersion: OS-> DisplayVersion: 24H2
2025/09/16-13:25:38.169:[00005268#00000000#4] > [COSManager::LogDisplayVersion] LogSystemVersion: OS-> ProductName: Windows 10 Pro
2025/09/16-13:25:38.169:[00005268#00000000#4] > [COSManager::LogSystemVersion] LogSystemVersion: OS-> MajorVersion: 10
2025/09/16-13:25:38.169:[00005268#00000000#4] > [COSManager::LogSystemVersion] LogSystemVersion: OS-> MinorVersion: 0
2025/09/16-13:25:38.170:[00005268#00000000#4] > [COSManager::LogSystemVersion] LogSystemVersion: OS-> CMajorVersion: 0
2025/09/16-13:25:38.171:[00005268#00000000#4] > [COSManager::LogSystemVersion] LogSystemVersion: OS-> CMinorVersion: 0
2025/09/16-13:25:38.171:[00005268#00000000#4] > [COSManager::LogSystemVersion] LogSystemVersion: OS-> Build: 26100
2025/09/16-13:25:38.181:[00005268#00000000#4] > [InitLibrary] Current library signature ID: 0x00000101
2025/09/16-13:25:38.181:[00005268#00000000#5] > [InitLibrary] End [0/Ok]
2025/09/16-13:25:38.182:[00005268#00000000#5] > [GetVariable] Begin
2025/09/16-13:25:38.182:[00005268#00000000#4] > [GetVariable] library_signature_id Get OK : 
2025/09/16-13:25:38.183:[00005268#00000000#5] > [GetVariable] End [0/Ok]
2025/09/16-13:25:38.186:[00005268#00000000#5] > [GetAPIVersion] Begin
2025/09/16-13:25:38.186:[00005268#00000000#4] > [GetAPIVersion] Api Version:1.36
2025/09/16-13:25:38.186:[00005268#00000000#5] > [GetAPIVersion] End [0/Ok]
2025/09/16-13:25:38.189:[00005268#00000000#5] > [EnumUSBDevices] Begin
2025/09/16-13:25:38.192:[00005268#00000000#4] > [EnumUSBDevices] Found 0 USB Devices:
2025/09/16-13:25:38.192:[00005268#00000000#5] > [EnumUSBDevices] End [0/Ok]
2025/09/16-13:25:38.192:[00005268#00000000#5] > [EnumUSBDevices] Begin
2025/09/16-13:25:38.193:[00005268#00000000#4] > [EnumUSBDevices] Found 0 USB Devices:
2025/09/16-13:25:38.193:[00005268#00000000#5] > [EnumUSBDevices] End [0/Ok]
2025/09/16-13:28:29.898:[0000151C#00000000#5] > [InitLibrary] Begin
2025/09/16-13:28:29.898:[0000151C#00000000#4] > [InitLibrary] DLL Path: E:\Amay Technosystems\AFC\BackupTVM\AgraCashTVM2\CuCustomWndAPI.dll
2025/09/16-13:28:29.898:[0000151C#00000000#4] > [InitLibrary] DLL Version: 1.36
2025/09/16-13:28:29.899:[0000151C#00000000#4] > [InitLibrary] Application Path: C:\Users\DEV2\.jdks\ms-21.0.8\bin\java.exe
2025/09/16-13:28:29.899:[0000151C#00000000#4] > [InitLibrary] Log verbosity: 6
2025/09/16-13:28:29.899:[0000151C#00000000#4] > [COSManager::LogSystemVersion] LogSystemVersion: OS-> Windows 10
2025/09/16-13:28:29.900:[0000151C#00000000#4] > [COSManager::LogSystemVersion] LogSystemVersion: OS-> 64bit
2025/09/16-13:28:29.901:[0000151C#00000000#4] > [COSManager::LogDisplayVersion] LogSystemVersion: OS-> DisplayVersion: 24H2
2025/09/16-13:28:29.901:[0000151C#00000000#4] > [COSManager::LogDisplayVersion] LogSystemVersion: OS-> ProductName: Windows 10 Pro
2025/09/16-13:28:29.901:[0000151C#00000000#4] > [COSManager::LogSystemVersion] LogSystemVersion: OS-> MajorVersion: 10
2025/09/16-13:28:29.901:[0000151C#00000000#4] > [COSManager::LogSystemVersion] LogSystemVersion: OS-> MinorVersion: 0
2025/09/16-13:28:29.902:[0000151C#00000000#4] > [COSManager::LogSystemVersion] LogSystemVersion: OS-> CMajorVersion: 0
2025/09/16-13:28:29.902:[0000151C#00000000#4] > [COSManager::LogSystemVersion] LogSystemVersion: OS-> CMinorVersion: 0
2025/09/16-13:28:29.902:[0000151C#00000000#4] > [COSManager::LogSystemVersion] LogSystemVersion: OS-> Build: 26100
2025/09/16-13:28:29.912:[0000151C#00000000#4] > [InitLibrary] Current library signature ID: 0x00000101
2025/09/16-13:28:29.913:[0000151C#00000000#5] > [InitLibrary] End [0/Ok]
2025/09/16-13:28:29.914:[0000151C#00000000#5] > [GetVariable] Begin
2025/09/16-13:28:29.914:[0000151C#00000000#4] > [GetVariable] library_signature_id Get OK : 
2025/09/16-13:28:29.914:[0000151C#00000000#5] > [GetVariable] End [0/Ok]
2025/09/16-13:28:29.918:[0000151C#00000000#5] > [GetAPIVersion] Begin
2025/09/16-13:28:29.918:[0000151C#00000000#4] > [GetAPIVersion] Api Version:1.36
2025/09/16-13:28:29.919:[0000151C#00000000#5] > [GetAPIVersion] End [0/Ok]
2025/09/16-13:28:29.922:[0000151C#00000000#5] > [EnumUSBDevices] Begin
2025/09/16-13:28:29.924:[0000151C#00000000#4] > [EnumUSBDevices] Found 0 USB Devices:
2025/09/16-13:28:29.925:[0000151C#00000000#5] > [EnumUSBDevices] End [0/Ok]
2025/09/16-13:28:29.925:[0000151C#00000000#5] > [EnumUSBDevices] Begin
2025/09/16-13:28:29.925:[0000151C#00000000#4] > [EnumUSBDevices] Found 0 USB Devices:
2025/09/16-13:28:29.925:[0000151C#00000000#5] > [EnumUSBDevices] End [0/Ok]
2025/09/16-13:29:50.646:[00005048#00000000#5] > [InitLibrary] Begin
2025/09/16-13:29:50.647:[00005048#00000000#4] > [InitLibrary] DLL Path: E:\Amay Technosystems\AFC\BackupTVM\AgraCashTVM2\CuCustomWndAPI.dll
2025/09/16-13:29:50.648:[00005048#00000000#4] > [InitLibrary] DLL Version: 1.36
2025/09/16-13:29:50.649:[00005048#00000000#4] > [InitLibrary] Application Path: C:\Users\DEV2\.jdks\ms-21.0.8\bin\java.exe
2025/09/16-13:29:50.649:[00005048#00000000#4] > [InitLibrary] Log verbosity: 6
2025/09/16-13:29:50.650:[00005048#00000000#4] > [COSManager::LogSystemVersion] LogSystemVersion: OS-> Windows 10
2025/09/16-13:29:50.650:[00005048#00000000#4] > [COSManager::LogSystemVersion] LogSystemVersion: OS-> 64bit
2025/09/16-13:29:50.651:[00005048#00000000#4] > [COSManager::LogDisplayVersion] LogSystemVersion: OS-> DisplayVersion: 24H2
2025/09/16-13:29:50.651:[00005048#00000000#4] > [COSManager::LogDisplayVersion] LogSystemVersion: OS-> ProductName: Windows 10 Pro
2025/09/16-13:29:50.651:[00005048#00000000#4] > [COSManager::LogSystemVersion] LogSystemVersion: OS-> MajorVersion: 10
2025/09/16-13:29:50.652:[00005048#00000000#4] > [COSManager::LogSystemVersion] LogSystemVersion: OS-> MinorVersion: 0
2025/09/16-13:29:50.653:[00005048#00000000#4] > [COSManager::LogSystemVersion] LogSystemVersion: OS-> CMajorVersion: 0
2025/09/16-13:29:50.653:[00005048#00000000#4] > [COSManager::LogSystemVersion] LogSystemVersion: OS-> CMinorVersion: 0
2025/09/16-13:29:50.654:[00005048#00000000#4] > [COSManager::LogSystemVersion] LogSystemVersion: OS-> Build: 26100
2025/09/16-13:29:50.669:[00005048#00000000#4] > [InitLibrary] Current library signature ID: 0x00000101
2025/09/16-13:29:50.670:[00005048#00000000#5] > [InitLibrary] End [0/Ok]
2025/09/16-13:29:50.671:[00005048#00000000#5] > [GetVariable] Begin
2025/09/16-13:29:50.672:[00005048#00000000#4] > [GetVariable] library_signature_id Get OK : 
2025/09/16-13:29:50.673:[00005048#00000000#5] > [GetVariable] End [0/Ok]
2025/09/16-13:29:50.679:[00005048#00000000#5] > [GetAPIVersion] Begin
2025/09/16-13:29:50.680:[00005048#00000000#4] > [GetAPIVersion] Api Version:1.36
2025/09/16-13:29:50.680:[00005048#00000000#5] > [GetAPIVersion] End [0/Ok]
2025/09/16-13:29:50.685:[00005048#00000000#5] > [EnumUSBDevices] Begin
2025/09/16-13:29:50.687:[00005048#00000000#4] > [EnumUSBDevices] Found 0 USB Devices:
2025/09/16-13:29:50.688:[00005048#00000000#5] > [EnumUSBDevices] End [0/Ok]
2025/09/16-13:29:50.688:[00005048#00000000#5] > [EnumUSBDevices] Begin
2025/09/16-13:29:50.689:[00005048#00000000#4] > [EnumUSBDevices] Found 0 USB Devices:
2025/09/16-13:29:50.689:[00005048#00000000#5] > [EnumUSBDevices] End [0/Ok]
2025/09/16-13:30:44.743:[00002A90#00000000#5] > [InitLibrary] Begin
2025/09/16-13:30:44.743:[00002A90#00000000#4] > [InitLibrary] DLL Path: E:\Amay Technosystems\AFC\BackupTVM\AgraCashTVM2\CuCustomWndAPI.dll
2025/09/16-13:30:44.744:[00002A90#00000000#4] > [InitLibrary] DLL Version: 1.36
2025/09/16-13:30:44.745:[00002A90#00000000#4] > [InitLibrary] Application Path: C:\Users\DEV2\.jdks\ms-21.0.8\bin\java.exe
2025/09/16-13:30:44.746:[00002A90#00000000#4] > [InitLibrary] Log verbosity: 6
2025/09/16-13:30:44.746:[00002A90#00000000#4] > [COSManager::LogSystemVersion] LogSystemVersion: OS-> Windows 10
2025/09/16-13:30:44.746:[00002A90#00000000#4] > [COSManager::LogSystemVersion] LogSystemVersion: OS-> 64bit
2025/09/16-13:30:44.747:[00002A90#00000000#4] > [COSManager::LogDisplayVersion] LogSystemVersion: OS-> DisplayVersion: 24H2
2025/09/16-13:30:44.747:[00002A90#00000000#4] > [COSManager::LogDisplayVersion] LogSystemVersion: OS-> ProductName: Windows 10 Pro
2025/09/16-13:30:44.747:[00002A90#00000000#4] > [COSManager::LogSystemVersion] LogSystemVersion: OS-> MajorVersion: 10
2025/09/16-13:30:44.748:[00002A90#00000000#4] > [COSManager::LogSystemVersion] LogSystemVersion: OS-> MinorVersion: 0
2025/09/16-13:30:44.748:[00002A90#00000000#4] > [COSManager::LogSystemVersion] LogSystemVersion: OS-> CMajorVersion: 0
2025/09/16-13:30:44.748:[00002A90#00000000#4] > [COSManager::LogSystemVersion] LogSystemVersion: OS-> CMinorVersion: 0
2025/09/16-13:30:44.749:[00002A90#00000000#4] > [COSManager::LogSystemVersion] LogSystemVersion: OS-> Build: 26100
2025/09/16-13:30:44.759:[00002A90#00000000#4] > [InitLibrary] Current library signature ID: 0x00000101
2025/09/16-13:30:44.759:[00002A90#00000000#5] > [InitLibrary] End [0/Ok]
2025/09/16-13:30:44.760:[00002A90#00000000#5] > [GetVariable] Begin
2025/09/16-13:30:44.760:[00002A90#00000000#4] > [GetVariable] library_signature_id Get OK : 
2025/09/16-13:30:44.760:[00002A90#00000000#5] > [GetVariable] End [0/Ok]
2025/09/16-13:30:44.763:[00002A90#00000000#5] > [GetAPIVersion] Begin
2025/09/16-13:30:44.763:[00002A90#00000000#4] > [GetAPIVersion] Api Version:1.36
2025/09/16-13:30:44.764:[00002A90#00000000#5] > [GetAPIVersion] End [0/Ok]
2025/09/16-13:30:44.766:[00002A90#00000000#5] > [EnumUSBDevices] Begin
2025/09/16-13:30:44.767:[00002A90#00000000#4] > [EnumUSBDevices] Found 0 USB Devices:
2025/09/16-13:30:44.768:[00002A90#00000000#5] > [EnumUSBDevices] End [0/Ok]
2025/09/16-13:30:44.768:[00002A90#00000000#5] > [EnumUSBDevices] Begin
2025/09/16-13:30:44.768:[00002A90#00000000#4] > [EnumUSBDevices] Found 0 USB Devices:
2025/09/16-13:30:44.769:[00002A90#00000000#5] > [EnumUSBDevices] End [0/Ok]
2025/09/16-13:33:31.987:[00001FD8#00000000#5] > [InitLibrary] Begin
2025/09/16-13:33:31.988:[00001FD8#00000000#4] > [InitLibrary] DLL Path: E:\Amay Technosystems\AFC\BackupTVM\AgraCashTVM2\CuCustomWndAPI.dll
2025/09/16-13:33:31.988:[00001FD8#00000000#4] > [InitLibrary] DLL Version: 1.36
2025/09/16-13:33:31.989:[00001FD8#00000000#4] > [InitLibrary] Application Path: C:\Users\DEV2\.jdks\ms-21.0.8\bin\java.exe
2025/09/16-13:33:31.989:[00001FD8#00000000#4] > [InitLibrary] Log verbosity: 6
2025/09/16-13:33:31.989:[00001FD8#00000000#4] > [COSManager::LogSystemVersion] LogSystemVersion: OS-> Windows 10
2025/09/16-13:33:31.990:[00001FD8#00000000#4] > [COSManager::LogSystemVersion] LogSystemVersion: OS-> 64bit
2025/09/16-13:33:31.990:[00001FD8#00000000#4] > [COSManager::LogDisplayVersion] LogSystemVersion: OS-> DisplayVersion: 24H2
2025/09/16-13:33:31.990:[00001FD8#00000000#4] > [COSManager::LogDisplayVersion] LogSystemVersion: OS-> ProductName: Windows 10 Pro
2025/09/16-13:33:31.990:[00001FD8#00000000#4] > [COSManager::LogSystemVersion] LogSystemVersion: OS-> MajorVersion: 10
2025/09/16-13:33:31.992:[00001FD8#00000000#4] > [COSManager::LogSystemVersion] LogSystemVersion: OS-> MinorVersion: 0
2025/09/16-13:33:31.992:[00001FD8#00000000#4] > [COSManager::LogSystemVersion] LogSystemVersion: OS-> CMajorVersion: 0
2025/09/16-13:33:31.992:[00001FD8#00000000#4] > [COSManager::LogSystemVersion] LogSystemVersion: OS-> CMinorVersion: 0
2025/09/16-13:33:31.993:[00001FD8#00000000#4] > [COSManager::LogSystemVersion] LogSystemVersion: OS-> Build: 26100
2025/09/16-13:33:32.001:[00001FD8#00000000#4] > [InitLibrary] Current library signature ID: 0x00000101
2025/09/16-13:33:32.001:[00001FD8#00000000#5] > [InitLibrary] End [0/Ok]
2025/09/16-13:33:32.002:[00001FD8#00000000#5] > [GetVariable] Begin
2025/09/16-13:33:32.002:[00001FD8#00000000#4] > [GetVariable] library_signature_id Get OK : 
2025/09/16-13:33:32.002:[00001FD8#00000000#5] > [GetVariable] End [0/Ok]
2025/09/16-13:33:32.006:[00001FD8#00000000#5] > [GetAPIVersion] Begin
2025/09/16-13:33:32.006:[00001FD8#00000000#4] > [GetAPIVersion] Api Version:1.36
2025/09/16-13:33:32.006:[00001FD8#00000000#5] > [GetAPIVersion] End [0/Ok]
2025/09/16-13:33:32.009:[00001FD8#00000000#5] > [EnumUSBDevices] Begin
2025/09/16-13:33:32.012:[00001FD8#00000000#4] > [EnumUSBDevices] Found 0 USB Devices:
2025/09/16-13:33:32.012:[00001FD8#00000000#5] > [EnumUSBDevices] End [0/Ok]
2025/09/16-13:33:32.012:[00001FD8#00000000#5] > [EnumUSBDevices] Begin
2025/09/16-13:33:32.012:[00001FD8#00000000#4] > [EnumUSBDevices] Found 0 USB Devices:
2025/09/16-13:33:32.012:[00001FD8#00000000#5] > [EnumUSBDevices] End [0/Ok]
2025/09/16-13:34:05.160:[00000AC4#00000000#5] > [InitLibrary] Begin
2025/09/16-13:34:05.161:[00000AC4#00000000#4] > [InitLibrary] DLL Path: E:\Amay Technosystems\AFC\BackupTVM\AgraCashTVM2\CuCustomWndAPI.dll
2025/09/16-13:34:05.161:[00000AC4#00000000#4] > [InitLibrary] DLL Version: 1.36
2025/09/16-13:34:05.162:[00000AC4#00000000#4] > [InitLibrary] Application Path: C:\Users\DEV2\.jdks\ms-21.0.8\bin\java.exe
2025/09/16-13:34:05.162:[00000AC4#00000000#4] > [InitLibrary] Log verbosity: 6
2025/09/16-13:34:05.163:[00000AC4#00000000#4] > [COSManager::LogSystemVersion] LogSystemVersion: OS-> Windows 10
2025/09/16-13:34:05.163:[00000AC4#00000000#4] > [COSManager::LogSystemVersion] LogSystemVersion: OS-> 64bit
2025/09/16-13:34:05.163:[00000AC4#00000000#4] > [COSManager::LogDisplayVersion] LogSystemVersion: OS-> DisplayVersion: 24H2
2025/09/16-13:34:05.164:[00000AC4#00000000#4] > [COSManager::LogDisplayVersion] LogSystemVersion: OS-> ProductName: Windows 10 Pro
2025/09/16-13:34:05.164:[00000AC4#00000000#4] > [COSManager::LogSystemVersion] LogSystemVersion: OS-> MajorVersion: 10
2025/09/16-13:34:05.164:[00000AC4#00000000#4] > [COSManager::LogSystemVersion] LogSystemVersion: OS-> MinorVersion: 0
2025/09/16-13:34:05.165:[00000AC4#00000000#4] > [COSManager::LogSystemVersion] LogSystemVersion: OS-> CMajorVersion: 0
2025/09/16-13:34:05.165:[00000AC4#00000000#4] > [COSManager::LogSystemVersion] LogSystemVersion: OS-> CMinorVersion: 0
2025/09/16-13:34:05.166:[00000AC4#00000000#4] > [COSManager::LogSystemVersion] LogSystemVersion: OS-> Build: 26100
2025/09/16-13:34:05.179:[00000AC4#00000000#4] > [InitLibrary] Current library signature ID: 0x00000101
2025/09/16-13:34:05.180:[00000AC4#00000000#5] > [InitLibrary] End [0/Ok]
2025/09/16-13:34:05.180:[00000AC4#00000000#5] > [GetVariable] Begin
2025/09/16-13:34:05.181:[00000AC4#00000000#4] > [GetVariable] library_signature_id Get OK : 
2025/09/16-13:34:05.181:[00000AC4#00000000#5] > [GetVariable] End [0/Ok]
2025/09/16-13:34:05.186:[00000AC4#00000000#5] > [GetAPIVersion] Begin
2025/09/16-13:34:05.188:[00000AC4#00000000#4] > [GetAPIVersion] Api Version:1.36
2025/09/16-13:34:05.189:[00000AC4#00000000#5] > [GetAPIVersion] End [0/Ok]
2025/09/16-13:34:05.190:[00000AC4#00000000#5] > [EnumUSBDevices] Begin
2025/09/16-13:34:05.192:[00000AC4#00000000#4] > [EnumUSBDevices] Found 0 USB Devices:
2025/09/16-13:34:05.192:[00000AC4#00000000#5] > [EnumUSBDevices] End [0/Ok]
2025/09/16-13:34:05.193:[00000AC4#00000000#5] > [EnumUSBDevices] Begin
2025/09/16-13:34:05.193:[00000AC4#00000000#4] > [EnumUSBDevices] Found 0 USB Devices:
2025/09/16-13:34:05.193:[00000AC4#00000000#5] > [EnumUSBDevices] End [0/Ok]
2025/09/16-13:35:14.881:[00000E00#00000000#5] > [InitLibrary] Begin
2025/09/16-13:35:14.881:[00000E00#00000000#4] > [InitLibrary] DLL Path: E:\Amay Technosystems\AFC\BackupTVM\AgraCashTVM2\CuCustomWndAPI.dll
2025/09/16-13:35:14.882:[00000E00#00000000#4] > [InitLibrary] DLL Version: 1.36
2025/09/16-13:35:14.882:[00000E00#00000000#4] > [InitLibrary] Application Path: C:\Users\DEV2\.jdks\ms-21.0.8\bin\java.exe
2025/09/16-13:35:14.882:[00000E00#00000000#4] > [InitLibrary] Log verbosity: 6
2025/09/16-13:35:14.882:[00000E00#00000000#4] > [COSManager::LogSystemVersion] LogSystemVersion: OS-> Windows 10
2025/09/16-13:35:14.883:[00000E00#00000000#4] > [COSManager::LogSystemVersion] LogSystemVersion: OS-> 64bit
2025/09/16-13:35:14.883:[00000E00#00000000#4] > [COSManager::LogDisplayVersion] LogSystemVersion: OS-> DisplayVersion: 24H2
2025/09/16-13:35:14.884:[00000E00#00000000#4] > [COSManager::LogDisplayVersion] LogSystemVersion: OS-> ProductName: Windows 10 Pro
2025/09/16-13:35:14.884:[00000E00#00000000#4] > [COSManager::LogSystemVersion] LogSystemVersion: OS-> MajorVersion: 10
2025/09/16-13:35:14.885:[00000E00#00000000#4] > [COSManager::LogSystemVersion] LogSystemVersion: OS-> MinorVersion: 0
2025/09/16-13:35:14.885:[00000E00#00000000#4] > [COSManager::LogSystemVersion] LogSystemVersion: OS-> CMajorVersion: 0
2025/09/16-13:35:14.885:[00000E00#00000000#4] > [COSManager::LogSystemVersion] LogSystemVersion: OS-> CMinorVersion: 0
2025/09/16-13:35:14.886:[00000E00#00000000#4] > [COSManager::LogSystemVersion] LogSystemVersion: OS-> Build: 26100
2025/09/16-13:35:14.898:[00000E00#00000000#4] > [InitLibrary] Current library signature ID: 0x00000101
2025/09/16-13:35:14.898:[00000E00#00000000#5] > [InitLibrary] End [0/Ok]
2025/09/16-13:35:14.899:[00000E00#00000000#5] > [GetVariable] Begin
2025/09/16-13:35:14.900:[00000E00#00000000#4] > [GetVariable] library_signature_id Get OK : 
2025/09/16-13:35:14.900:[00000E00#00000000#5] > [GetVariable] End [0/Ok]
2025/09/16-13:35:14.903:[00000E00#00000000#5] > [GetAPIVersion] Begin
2025/09/16-13:35:14.904:[00000E00#00000000#4] > [GetAPIVersion] Api Version:1.36
2025/09/16-13:35:14.904:[00000E00#00000000#5] > [GetAPIVersion] End [0/Ok]
2025/09/16-13:35:14.907:[00000E00#00000000#5] > [EnumUSBDevices] Begin
2025/09/16-13:35:14.909:[00000E00#00000000#4] > [EnumUSBDevices] Found 0 USB Devices:
2025/09/16-13:35:14.909:[00000E00#00000000#5] > [EnumUSBDevices] End [0/Ok]
2025/09/16-13:35:14.910:[00000E00#00000000#5] > [EnumUSBDevices] Begin
2025/09/16-13:35:14.910:[00000E00#00000000#4] > [EnumUSBDevices] Found 0 USB Devices:
2025/09/16-13:35:14.910:[00000E00#00000000#5] > [EnumUSBDevices] End [0/Ok]
2025/09/16-13:37:36.704:[000074BC#00000000#5] > [InitLibrary] Begin
2025/09/16-13:37:36.705:[000074BC#00000000#4] > [InitLibrary] DLL Path: E:\Amay Technosystems\AFC\BackupTVM\AgraCashTVM2\CuCustomWndAPI.dll
2025/09/16-13:37:36.706:[000074BC#00000000#4] > [InitLibrary] DLL Version: 1.36
2025/09/16-13:37:36.706:[000074BC#00000000#4] > [InitLibrary] Application Path: C:\Users\DEV2\.jdks\ms-21.0.8\bin\java.exe
2025/09/16-13:37:36.707:[000074BC#00000000#4] > [InitLibrary] Log verbosity: 6
2025/09/16-13:37:36.709:[000074BC#00000000#4] > [COSManager::LogSystemVersion] LogSystemVersion: OS-> Windows 10
2025/09/16-13:37:36.710:[000074BC#00000000#4] > [COSManager::LogSystemVersion] LogSystemVersion: OS-> 64bit
2025/09/16-13:37:36.710:[000074BC#00000000#4] > [COSManager::LogDisplayVersion] LogSystemVersion: OS-> DisplayVersion: 24H2
2025/09/16-13:37:36.711:[000074BC#00000000#4] > [COSManager::LogDisplayVersion] LogSystemVersion: OS-> ProductName: Windows 10 Pro
2025/09/16-13:37:36.711:[000074BC#00000000#4] > [COSManager::LogSystemVersion] LogSystemVersion: OS-> MajorVersion: 10
2025/09/16-13:37:36.713:[000074BC#00000000#4] > [COSManager::LogSystemVersion] LogSystemVersion: OS-> MinorVersion: 0
2025/09/16-13:37:36.713:[000074BC#00000000#4] > [COSManager::LogSystemVersion] LogSystemVersion: OS-> CMajorVersion: 0
2025/09/16-13:37:36.714:[000074BC#00000000#4] > [COSManager::LogSystemVersion] LogSystemVersion: OS-> CMinorVersion: 0
2025/09/16-13:37:36.714:[000074BC#00000000#4] > [COSManager::LogSystemVersion] LogSystemVersion: OS-> Build: 26100
2025/09/16-13:37:36.725:[000074BC#00000000#4] > [InitLibrary] Current library signature ID: 0x00000101
2025/09/16-13:37:36.726:[000074BC#00000000#5] > [InitLibrary] End [0/Ok]
2025/09/16-13:37:36.728:[000074BC#00000000#5] > [GetVariable] Begin
2025/09/16-13:37:36.728:[000074BC#00000000#4] > [GetVariable] library_signature_id Get OK : 
2025/09/16-13:37:36.729:[000074BC#00000000#5] > [GetVariable] End [0/Ok]
2025/09/16-13:37:36.733:[000074BC#00000000#5] > [GetAPIVersion] Begin
2025/09/16-13:37:36.733:[000074BC#00000000#4] > [GetAPIVersion] Api Version:1.36
2025/09/16-13:37:36.734:[000074BC#00000000#5] > [GetAPIVersion] End [0/Ok]
2025/09/16-13:37:36.737:[000074BC#00000000#5] > [EnumUSBDevices] Begin
2025/09/16-13:37:36.739:[000074BC#00000000#4] > [EnumUSBDevices] Found 0 USB Devices:
2025/09/16-13:37:36.740:[000074BC#00000000#5] > [EnumUSBDevices] End [0/Ok]
2025/09/16-13:37:36.740:[000074BC#00000000#5] > [EnumUSBDevices] Begin
2025/09/16-13:37:36.741:[000074BC#00000000#4] > [EnumUSBDevices] Found 0 USB Devices:
2025/09/16-13:37:36.742:[000074BC#00000000#5] > [EnumUSBDevices] End [0/Ok]
2025/09/16-13:41:10.038:[00001ACC#00000000#5] > [InitLibrary] Begin
2025/09/16-13:41:10.038:[00001ACC#00000000#4] > [InitLibrary] DLL Path: E:\Amay Technosystems\AFC\BackupTVM\AgraCashTVM2\CuCustomWndAPI.dll
2025/09/16-13:41:10.039:[00001ACC#00000000#4] > [InitLibrary] DLL Version: 1.36
2025/09/16-13:41:10.039:[00001ACC#00000000#4] > [InitLibrary] Application Path: C:\Users\DEV2\.jdks\ms-21.0.8\bin\java.exe
2025/09/16-13:41:10.040:[00001ACC#00000000#4] > [InitLibrary] Log verbosity: 6
2025/09/16-13:41:10.040:[00001ACC#00000000#4] > [COSManager::LogSystemVersion] LogSystemVersion: OS-> Windows 10
2025/09/16-13:41:10.040:[00001ACC#00000000#4] > [COSManager::LogSystemVersion] LogSystemVersion: OS-> 64bit
2025/09/16-13:41:10.041:[00001ACC#00000000#4] > [COSManager::LogDisplayVersion] LogSystemVersion: OS-> DisplayVersion: 24H2
2025/09/16-13:41:10.041:[00001ACC#00000000#4] > [COSManager::LogDisplayVersion] LogSystemVersion: OS-> ProductName: Windows 10 Pro
2025/09/16-13:41:10.041:[00001ACC#00000000#4] > [COSManager::LogSystemVersion] LogSystemVersion: OS-> MajorVersion: 10
2025/09/16-13:41:10.042:[00001ACC#00000000#4] > [COSManager::LogSystemVersion] LogSystemVersion: OS-> MinorVersion: 0
2025/09/16-13:41:10.042:[00001ACC#00000000#4] > [COSManager::LogSystemVersion] LogSystemVersion: OS-> CMajorVersion: 0
2025/09/16-13:41:10.043:[00001ACC#00000000#4] > [COSManager::LogSystemVersion] LogSystemVersion: OS-> CMinorVersion: 0
2025/09/16-13:41:10.043:[00001ACC#00000000#4] > [COSManager::LogSystemVersion] LogSystemVersion: OS-> Build: 26100
2025/09/16-13:41:10.057:[00001ACC#00000000#4] > [InitLibrary] Current library signature ID: 0x00000101
2025/09/16-13:41:10.058:[00001ACC#00000000#5] > [InitLibrary] End [0/Ok]
2025/09/16-13:41:10.058:[00001ACC#00000000#5] > [GetVariable] Begin
2025/09/16-13:41:10.059:[00001ACC#00000000#4] > [GetVariable] library_signature_id Get OK : 
2025/09/16-13:41:10.059:[00001ACC#00000000#5] > [GetVariable] End [0/Ok]
2025/09/16-13:41:10.063:[00001ACC#00000000#5] > [GetAPIVersion] Begin
2025/09/16-13:41:10.063:[00001ACC#00000000#4] > [GetAPIVersion] Api Version:1.36
2025/09/16-13:41:10.064:[00001ACC#00000000#5] > [GetAPIVersion] End [0/Ok]
2025/09/16-13:41:10.067:[00001ACC#00000000#5] > [EnumUSBDevices] Begin
2025/09/16-13:41:10.069:[00001ACC#00000000#4] > [EnumUSBDevices] Found 0 USB Devices:
2025/09/16-13:41:10.069:[00001ACC#00000000#5] > [EnumUSBDevices] End [0/Ok]
2025/09/16-13:41:10.069:[00001ACC#00000000#5] > [EnumUSBDevices] Begin
2025/09/16-13:41:10.070:[00001ACC#00000000#4] > [EnumUSBDevices] Found 0 USB Devices:
2025/09/16-13:41:10.070:[00001ACC#00000000#5] > [EnumUSBDevices] End [0/Ok]
2025/09/16-13:42:31.437:[000012C0#00000000#5] > [InitLibrary] Begin
2025/09/16-13:42:31.437:[000012C0#00000000#4] > [InitLibrary] DLL Path: E:\Amay Technosystems\AFC\BackupTVM\AgraCashTVM2\CuCustomWndAPI.dll
2025/09/16-13:42:31.438:[000012C0#00000000#4] > [InitLibrary] DLL Version: 1.36
2025/09/16-13:42:31.439:[000012C0#00000000#4] > [InitLibrary] Application Path: C:\Users\DEV2\.jdks\ms-21.0.8\bin\java.exe
2025/09/16-13:42:31.439:[000012C0#00000000#4] > [InitLibrary] Log verbosity: 6
2025/09/16-13:42:31.440:[000012C0#00000000#4] > [COSManager::LogSystemVersion] LogSystemVersion: OS-> Windows 10
2025/09/16-13:42:31.440:[000012C0#00000000#4] > [COSManager::LogSystemVersion] LogSystemVersion: OS-> 64bit
2025/09/16-13:42:31.441:[000012C0#00000000#4] > [COSManager::LogDisplayVersion] LogSystemVersion: OS-> DisplayVersion: 24H2
2025/09/16-13:42:31.441:[000012C0#00000000#4] > [COSManager::LogDisplayVersion] LogSystemVersion: OS-> ProductName: Windows 10 Pro
2025/09/16-13:42:31.442:[000012C0#00000000#4] > [COSManager::LogSystemVersion] LogSystemVersion: OS-> MajorVersion: 10
2025/09/16-13:42:31.442:[000012C0#00000000#4] > [COSManager::LogSystemVersion] LogSystemVersion: OS-> MinorVersion: 0
2025/09/16-13:42:31.442:[000012C0#00000000#4] > [COSManager::LogSystemVersion] LogSystemVersion: OS-> CMajorVersion: 0
2025/09/16-13:42:31.443:[000012C0#00000000#4] > [COSManager::LogSystemVersion] LogSystemVersion: OS-> CMinorVersion: 0
2025/09/16-13:42:31.443:[000012C0#00000000#4] > [COSManager::LogSystemVersion] LogSystemVersion: OS-> Build: 26100
2025/09/16-13:42:31.453:[000012C0#00000000#4] > [InitLibrary] Current library signature ID: 0x00000101
2025/09/16-13:42:31.453:[000012C0#00000000#5] > [InitLibrary] End [0/Ok]
2025/09/16-13:42:31.454:[000012C0#00000000#5] > [GetVariable] Begin
2025/09/16-13:42:31.454:[000012C0#00000000#4] > [GetVariable] library_signature_id Get OK : 
2025/09/16-13:42:31.455:[000012C0#00000000#5] > [GetVariable] End [0/Ok]
2025/09/16-13:42:31.457:[000012C0#00000000#5] > [GetAPIVersion] Begin
2025/09/16-13:42:31.458:[000012C0#00000000#4] > [GetAPIVersion] Api Version:1.36
2025/09/16-13:42:31.458:[000012C0#00000000#5] > [GetAPIVersion] End [0/Ok]
2025/09/16-13:42:31.460:[000012C0#00000000#5] > [EnumUSBDevices] Begin
2025/09/16-13:42:31.462:[000012C0#00000000#4] > [EnumUSBDevices] Found 0 USB Devices:
2025/09/16-13:42:31.462:[000012C0#00000000#5] > [EnumUSBDevices] End [0/Ok]
2025/09/16-13:42:31.463:[000012C0#00000000#5] > [EnumUSBDevices] Begin
2025/09/16-13:42:31.463:[000012C0#00000000#4] > [EnumUSBDevices] Found 0 USB Devices:
2025/09/16-13:42:31.463:[000012C0#00000000#5] > [EnumUSBDevices] End [0/Ok]
2025/09/16-13:43:20.330:[00004014#00000000#5] > [InitLibrary] Begin
2025/09/16-13:43:20.330:[00004014#00000000#4] > [InitLibrary] DLL Path: E:\Amay Technosystems\AFC\BackupTVM\AgraCashTVM2\CuCustomWndAPI.dll
2025/09/16-13:43:20.331:[00004014#00000000#4] > [InitLibrary] DLL Version: 1.36
2025/09/16-13:43:20.332:[00004014#00000000#4] > [InitLibrary] Application Path: C:\Users\DEV2\.jdks\ms-21.0.8\bin\java.exe
2025/09/16-13:43:20.332:[00004014#00000000#4] > [InitLibrary] Log verbosity: 6
2025/09/16-13:43:20.333:[00004014#00000000#4] > [COSManager::LogSystemVersion] LogSystemVersion: OS-> Windows 10
2025/09/16-13:43:20.333:[00004014#00000000#4] > [COSManager::LogSystemVersion] LogSystemVersion: OS-> 64bit
2025/09/16-13:43:20.333:[00004014#00000000#4] > [COSManager::LogDisplayVersion] LogSystemVersion: OS-> DisplayVersion: 24H2
2025/09/16-13:43:20.334:[00004014#00000000#4] > [COSManager::LogDisplayVersion] LogSystemVersion: OS-> ProductName: Windows 10 Pro
2025/09/16-13:43:20.334:[00004014#00000000#4] > [COSManager::LogSystemVersion] LogSystemVersion: OS-> MajorVersion: 10
2025/09/16-13:43:20.334:[00004014#00000000#4] > [COSManager::LogSystemVersion] LogSystemVersion: OS-> MinorVersion: 0
2025/09/16-13:43:20.334:[00004014#00000000#4] > [COSManager::LogSystemVersion] LogSystemVersion: OS-> CMajorVersion: 0
2025/09/16-13:43:20.335:[00004014#00000000#4] > [COSManager::LogSystemVersion] LogSystemVersion: OS-> CMinorVersion: 0
2025/09/16-13:43:20.335:[00004014#00000000#4] > [COSManager::LogSystemVersion] LogSystemVersion: OS-> Build: 26100
2025/09/16-13:43:20.347:[00004014#00000000#4] > [InitLibrary] Current library signature ID: 0x00000101
2025/09/16-13:43:20.348:[00004014#00000000#5] > [InitLibrary] End [0/Ok]
2025/09/16-13:43:20.348:[00004014#00000000#5] > [GetVariable] Begin
2025/09/16-13:43:20.349:[00004014#00000000#4] > [GetVariable] library_signature_id Get OK : 
2025/09/16-13:43:20.350:[00004014#00000000#5] > [GetVariable] End [0/Ok]
2025/09/16-13:43:20.354:[00004014#00000000#5] > [GetAPIVersion] Begin
2025/09/16-13:43:20.355:[00004014#00000000#4] > [GetAPIVersion] Api Version:1.36
2025/09/16-13:43:20.355:[00004014#00000000#5] > [GetAPIVersion] End [0/Ok]
2025/09/16-13:43:20.358:[00004014#00000000#5] > [EnumUSBDevices] Begin
2025/09/16-13:43:20.359:[00004014#00000000#4] > [EnumUSBDevices] Found 0 USB Devices:
2025/09/16-13:43:20.360:[00004014#00000000#5] > [EnumUSBDevices] End [0/Ok]
2025/09/16-13:43:20.360:[00004014#00000000#5] > [EnumUSBDevices] Begin
2025/09/16-13:43:20.360:[00004014#00000000#4] > [EnumUSBDevices] Found 0 USB Devices:
2025/09/16-13:43:20.361:[00004014#00000000#5] > [EnumUSBDevices] End [0/Ok]
2025/09/16-14:34:48.485:[00004A8C#00000000#5] > [InitLibrary] Begin
2025/09/16-14:34:48.485:[00004A8C#00000000#4] > [InitLibrary] DLL Path: E:\Amay Technosystems\AFC\BackupTVM\AgraCashTVM2\CuCustomWndAPI.dll
2025/09/16-14:34:48.486:[00004A8C#00000000#4] > [InitLibrary] DLL Version: 1.36
2025/09/16-14:34:48.487:[00004A8C#00000000#4] > [InitLibrary] Application Path: C:\Users\DEV2\.jdks\ms-21.0.8\bin\java.exe
2025/09/16-14:34:48.487:[00004A8C#00000000#4] > [InitLibrary] Log verbosity: 6
2025/09/16-14:34:48.488:[00004A8C#00000000#4] > [COSManager::LogSystemVersion] LogSystemVersion: OS-> Windows 10
2025/09/16-14:34:48.488:[00004A8C#00000000#4] > [COSManager::LogSystemVersion] LogSystemVersion: OS-> 64bit
2025/09/16-14:34:48.488:[00004A8C#00000000#4] > [COSManager::LogDisplayVersion] LogSystemVersion: OS-> DisplayVersion: 24H2
2025/09/16-14:34:48.489:[00004A8C#00000000#4] > [COSManager::LogDisplayVersion] LogSystemVersion: OS-> ProductName: Windows 10 Pro
2025/09/16-14:34:48.489:[00004A8C#00000000#4] > [COSManager::LogSystemVersion] LogSystemVersion: OS-> MajorVersion: 10
2025/09/16-14:34:48.489:[00004A8C#00000000#4] > [COSManager::LogSystemVersion] LogSystemVersion: OS-> MinorVersion: 0
2025/09/16-14:34:48.490:[00004A8C#00000000#4] > [COSManager::LogSystemVersion] LogSystemVersion: OS-> CMajorVersion: 0
2025/09/16-14:34:48.490:[00004A8C#00000000#4] > [COSManager::LogSystemVersion] LogSystemVersion: OS-> CMinorVersion: 0
2025/09/16-14:34:48.490:[00004A8C#00000000#4] > [COSManager::LogSystemVersion] LogSystemVersion: OS-> Build: 26100
2025/09/16-14:34:48.501:[00004A8C#00000000#4] > [InitLibrary] Current library signature ID: 0x00000101
2025/09/16-14:34:48.501:[00004A8C#00000000#5] > [InitLibrary] End [0/Ok]
2025/09/16-14:34:48.503:[00004A8C#00000000#5] > [GetVariable] Begin
2025/09/16-14:34:48.503:[00004A8C#00000000#4] > [GetVariable] library_signature_id Get OK : 
2025/09/16-14:34:48.504:[00004A8C#00000000#5] > [GetVariable] End [0/Ok]
2025/09/16-14:34:48.506:[00004A8C#00000000#5] > [GetAPIVersion] Begin
2025/09/16-14:34:48.507:[00004A8C#00000000#4] > [GetAPIVersion] Api Version:1.36
2025/09/16-14:34:48.508:[00004A8C#00000000#5] > [GetAPIVersion] End [0/Ok]
2025/09/16-14:34:48.510:[00004A8C#00000000#5] > [EnumUSBDevices] Begin
2025/09/16-14:34:48.512:[00004A8C#00000000#4] > [EnumUSBDevices] Found 0 USB Devices:
2025/09/16-14:34:48.512:[00004A8C#00000000#5] > [EnumUSBDevices] End [0/Ok]
2025/09/16-14:34:48.512:[00004A8C#00000000#5] > [EnumUSBDevices] Begin
2025/09/16-14:34:48.513:[00004A8C#00000000#4] > [EnumUSBDevices] Found 0 USB Devices:
2025/09/16-14:34:48.513:[00004A8C#00000000#5] > [EnumUSBDevices] End [0/Ok]
2025/09/16-14:38:26.389:[000049B0#00000000#5] > [InitLibrary] Begin
2025/09/16-14:38:26.389:[000049B0#00000000#4] > [InitLibrary] DLL Path: E:\Amay Technosystems\AFC\BackupTVM\AgraCashTVM2\CuCustomWndAPI.dll
2025/09/16-14:38:26.391:[000049B0#00000000#4] > [InitLibrary] DLL Version: 1.36
2025/09/16-14:38:26.391:[000049B0#00000000#4] > [InitLibrary] Application Path: C:\Users\DEV2\.jdks\ms-21.0.8\bin\java.exe
2025/09/16-14:38:26.392:[000049B0#00000000#4] > [InitLibrary] Log verbosity: 6
2025/09/16-14:38:26.392:[000049B0#00000000#4] > [COSManager::LogSystemVersion] LogSystemVersion: OS-> Windows 10
2025/09/16-14:38:26.393:[000049B0#00000000#4] > [COSManager::LogSystemVersion] LogSystemVersion: OS-> 64bit
2025/09/16-14:38:26.393:[000049B0#00000000#4] > [COSManager::LogDisplayVersion] LogSystemVersion: OS-> DisplayVersion: 24H2
2025/09/16-14:38:26.394:[000049B0#00000000#4] > [COSManager::LogDisplayVersion] LogSystemVersion: OS-> ProductName: Windows 10 Pro
2025/09/16-14:38:26.394:[000049B0#00000000#4] > [COSManager::LogSystemVersion] LogSystemVersion: OS-> MajorVersion: 10
2025/09/16-14:38:26.394:[000049B0#00000000#4] > [COSManager::LogSystemVersion] LogSystemVersion: OS-> MinorVersion: 0
2025/09/16-14:38:26.395:[000049B0#00000000#4] > [COSManager::LogSystemVersion] LogSystemVersion: OS-> CMajorVersion: 0
2025/09/16-14:38:26.395:[000049B0#00000000#4] > [COSManager::LogSystemVersion] LogSystemVersion: OS-> CMinorVersion: 0
2025/09/16-14:38:26.396:[000049B0#00000000#4] > [COSManager::LogSystemVersion] LogSystemVersion: OS-> Build: 26100
2025/09/16-14:38:26.409:[000049B0#00000000#4] > [InitLibrary] Current library signature ID: 0x00000101
2025/09/16-14:38:26.409:[000049B0#00000000#5] > [InitLibrary] End [0/Ok]
2025/09/16-14:38:26.410:[000049B0#00000000#5] > [GetVariable] Begin
2025/09/16-14:38:26.410:[000049B0#00000000#4] > [GetVariable] library_signature_id Get OK : 
2025/09/16-14:38:26.411:[000049B0#00000000#5] > [GetVariable] End [0/Ok]
2025/09/16-14:38:26.415:[000049B0#00000000#5] > [GetAPIVersion] Begin
2025/09/16-14:38:26.416:[000049B0#00000000#4] > [GetAPIVersion] Api Version:1.36
2025/09/16-14:38:26.416:[000049B0#00000000#5] > [GetAPIVersion] End [0/Ok]
2025/09/16-14:38:26.420:[000049B0#00000000#5] > [EnumUSBDevices] Begin
2025/09/16-14:38:26.424:[000049B0#00000000#4] > [EnumUSBDevices] Found 0 USB Devices:
2025/09/16-14:38:26.424:[000049B0#00000000#5] > [EnumUSBDevices] End [0/Ok]
2025/09/16-14:38:26.425:[000049B0#00000000#5] > [EnumUSBDevices] Begin
2025/09/16-14:38:26.426:[000049B0#00000000#4] > [EnumUSBDevices] Found 0 USB Devices:
2025/09/16-14:38:26.427:[000049B0#00000000#5] > [EnumUSBDevices] End [0/Ok]
2025/09/16-14:38:44.375:[00002018#00000000#5] > [InitLibrary] Begin
2025/09/16-14:38:44.376:[00002018#00000000#4] > [InitLibrary] DLL Path: E:\Amay Technosystems\AFC\BackupTVM\AgraCashTVM2\CuCustomWndAPI.dll
2025/09/16-14:38:44.377:[00002018#00000000#4] > [InitLibrary] DLL Version: 1.36
2025/09/16-14:38:44.377:[00002018#00000000#4] > [InitLibrary] Application Path: C:\Users\DEV2\.jdks\ms-21.0.8\bin\java.exe
2025/09/16-14:38:44.378:[00002018#00000000#4] > [InitLibrary] Log verbosity: 6
2025/09/16-14:38:44.379:[00002018#00000000#4] > [COSManager::LogSystemVersion] LogSystemVersion: OS-> Windows 10
2025/09/16-14:38:44.380:[00002018#00000000#4] > [COSManager::LogSystemVersion] LogSystemVersion: OS-> 64bit
2025/09/16-14:38:44.381:[00002018#00000000#4] > [COSManager::LogDisplayVersion] LogSystemVersion: OS-> DisplayVersion: 24H2
2025/09/16-14:38:44.382:[00002018#00000000#4] > [COSManager::LogDisplayVersion] LogSystemVersion: OS-> ProductName: Windows 10 Pro
2025/09/16-14:38:44.383:[00002018#00000000#4] > [COSManager::LogSystemVersion] LogSystemVersion: OS-> MajorVersion: 10
2025/09/16-14:38:44.384:[00002018#00000000#4] > [COSManager::LogSystemVersion] LogSystemVersion: OS-> MinorVersion: 0
2025/09/16-14:38:44.384:[00002018#00000000#4] > [COSManager::LogSystemVersion] LogSystemVersion: OS-> CMajorVersion: 0
2025/09/16-14:38:44.385:[00002018#00000000#4] > [COSManager::LogSystemVersion] LogSystemVersion: OS-> CMinorVersion: 0
2025/09/16-14:38:44.385:[00002018#00000000#4] > [COSManager::LogSystemVersion] LogSystemVersion: OS-> Build: 26100
2025/09/16-14:38:44.400:[00002018#00000000#4] > [InitLibrary] Current library signature ID: 0x00000101
2025/09/16-14:38:44.401:[00002018#00000000#5] > [InitLibrary] End [0/Ok]
2025/09/16-14:38:44.402:[00002018#00000000#5] > [GetVariable] Begin
2025/09/16-14:38:44.402:[00002018#00000000#4] > [GetVariable] library_signature_id Get OK : 
2025/09/16-14:38:44.403:[00002018#00000000#5] > [GetVariable] End [0/Ok]
2025/09/16-14:38:44.408:[00002018#00000000#5] > [GetAPIVersion] Begin
2025/09/16-14:38:44.409:[00002018#00000000#4] > [GetAPIVersion] Api Version:1.36
2025/09/16-14:38:44.409:[00002018#00000000#5] > [GetAPIVersion] End [0/Ok]
2025/09/16-14:38:44.412:[00002018#00000000#5] > [EnumUSBDevices] Begin
2025/09/16-14:38:44.414:[00002018#00000000#4] > [EnumUSBDevices] Found 0 USB Devices:
2025/09/16-14:38:44.416:[00002018#00000000#5] > [EnumUSBDevices] End [0/Ok]
2025/09/16-14:38:44.416:[00002018#00000000#5] > [EnumUSBDevices] Begin
2025/09/16-14:38:44.417:[00002018#00000000#4] > [EnumUSBDevices] Found 0 USB Devices:
2025/09/16-14:38:44.417:[00002018#00000000#5] > [EnumUSBDevices] End [0/Ok]
2025/09/16-14:42:55.701:[00005CB8#00000000#5] > [InitLibrary] Begin
2025/09/16-14:42:55.702:[00005CB8#00000000#4] > [InitLibrary] DLL Path: E:\Amay Technosystems\AFC\BackupTVM\AgraCashTVM2\CuCustomWndAPI.dll
2025/09/16-14:42:55.703:[00005CB8#00000000#4] > [InitLibrary] DLL Version: 1.36
2025/09/16-14:42:55.703:[00005CB8#00000000#4] > [InitLibrary] Application Path: C:\Users\DEV2\.jdks\ms-21.0.8\bin\java.exe
2025/09/16-14:42:55.704:[00005CB8#00000000#4] > [InitLibrary] Log verbosity: 6
2025/09/16-14:42:55.705:[00005CB8#00000000#4] > [COSManager::LogSystemVersion] LogSystemVersion: OS-> Windows 10
2025/09/16-14:42:55.705:[00005CB8#00000000#4] > [COSManager::LogSystemVersion] LogSystemVersion: OS-> 64bit
2025/09/16-14:42:55.705:[00005CB8#00000000#4] > [COSManager::LogDisplayVersion] LogSystemVersion: OS-> DisplayVersion: 24H2
2025/09/16-14:42:55.706:[00005CB8#00000000#4] > [COSManager::LogDisplayVersion] LogSystemVersion: OS-> ProductName: Windows 10 Pro
2025/09/16-14:42:55.706:[00005CB8#00000000#4] > [COSManager::LogSystemVersion] LogSystemVersion: OS-> MajorVersion: 10
2025/09/16-14:42:55.707:[00005CB8#00000000#4] > [COSManager::LogSystemVersion] LogSystemVersion: OS-> MinorVersion: 0
2025/09/16-14:42:55.707:[00005CB8#00000000#4] > [COSManager::LogSystemVersion] LogSystemVersion: OS-> CMajorVersion: 0
2025/09/16-14:42:55.707:[00005CB8#00000000#4] > [COSManager::LogSystemVersion] LogSystemVersion: OS-> CMinorVersion: 0
2025/09/16-14:42:55.708:[00005CB8#00000000#4] > [COSManager::LogSystemVersion] LogSystemVersion: OS-> Build: 26100
2025/09/16-14:42:55.723:[00005CB8#00000000#4] > [InitLibrary] Current library signature ID: 0x00000101
2025/09/16-14:42:55.723:[00005CB8#00000000#5] > [InitLibrary] End [0/Ok]
2025/09/16-14:42:55.724:[00005CB8#00000000#5] > [GetVariable] Begin
2025/09/16-14:42:55.724:[00005CB8#00000000#4] > [GetVariable] library_signature_id Get OK : 
2025/09/16-14:42:55.724:[00005CB8#00000000#5] > [GetVariable] End [0/Ok]
2025/09/16-14:42:55.727:[00005CB8#00000000#5] > [GetAPIVersion] Begin
2025/09/16-14:42:55.727:[00005CB8#00000000#4] > [GetAPIVersion] Api Version:1.36
2025/09/16-14:42:55.728:[00005CB8#00000000#5] > [GetAPIVersion] End [0/Ok]
2025/09/16-14:42:55.730:[00005CB8#00000000#5] > [EnumUSBDevices] Begin
2025/09/16-14:42:55.732:[00005CB8#00000000#4] > [EnumUSBDevices] Found 0 USB Devices:
2025/09/16-14:42:55.733:[00005CB8#00000000#5] > [EnumUSBDevices] End [0/Ok]
2025/09/16-14:42:55.734:[00005CB8#00000000#5] > [EnumUSBDevices] Begin
2025/09/16-14:42:55.734:[00005CB8#00000000#4] > [EnumUSBDevices] Found 0 USB Devices:
2025/09/16-14:42:55.735:[00005CB8#00000000#5] > [EnumUSBDevices] End [0/Ok]
2025/09/16-14:44:49.156:[000046BC#00000000#5] > [InitLibrary] Begin
2025/09/16-14:44:49.157:[000046BC#00000000#4] > [InitLibrary] DLL Path: E:\Amay Technosystems\AFC\BackupTVM\AgraCashTVM2\CuCustomWndAPI.dll
2025/09/16-14:44:49.158:[000046BC#00000000#4] > [InitLibrary] DLL Version: 1.36
2025/09/16-14:44:49.158:[000046BC#00000000#4] > [InitLibrary] Application Path: C:\Users\DEV2\.jdks\ms-21.0.8\bin\java.exe
2025/09/16-14:44:49.159:[000046BC#00000000#4] > [InitLibrary] Log verbosity: 6
2025/09/16-14:44:49.159:[000046BC#00000000#4] > [COSManager::LogSystemVersion] LogSystemVersion: OS-> Windows 10
2025/09/16-14:44:49.159:[000046BC#00000000#4] > [COSManager::LogSystemVersion] LogSystemVersion: OS-> 64bit
2025/09/16-14:44:49.160:[000046BC#00000000#4] > [COSManager::LogDisplayVersion] LogSystemVersion: OS-> DisplayVersion: 24H2
2025/09/16-14:44:49.160:[000046BC#00000000#4] > [COSManager::LogDisplayVersion] LogSystemVersion: OS-> ProductName: Windows 10 Pro
2025/09/16-14:44:49.161:[000046BC#00000000#4] > [COSManager::LogSystemVersion] LogSystemVersion: OS-> MajorVersion: 10
2025/09/16-14:44:49.161:[000046BC#00000000#4] > [COSManager::LogSystemVersion] LogSystemVersion: OS-> MinorVersion: 0
2025/09/16-14:44:49.161:[000046BC#00000000#4] > [COSManager::LogSystemVersion] LogSystemVersion: OS-> CMajorVersion: 0
2025/09/16-14:44:49.161:[000046BC#00000000#4] > [COSManager::LogSystemVersion] LogSystemVersion: OS-> CMinorVersion: 0
2025/09/16-14:44:49.162:[000046BC#00000000#4] > [COSManager::LogSystemVersion] LogSystemVersion: OS-> Build: 26100
2025/09/16-14:44:49.172:[000046BC#00000000#4] > [InitLibrary] Current library signature ID: 0x00000101
2025/09/16-14:44:49.173:[000046BC#00000000#5] > [InitLibrary] End [0/Ok]
2025/09/16-14:44:49.174:[000046BC#00000000#5] > [GetVariable] Begin
2025/09/16-14:44:49.175:[000046BC#00000000#4] > [GetVariable] library_signature_id Get OK : 
2025/09/16-14:44:49.175:[000046BC#00000000#5] > [GetVariable] End [0/Ok]
2025/09/16-14:44:49.179:[000046BC#00000000#5] > [GetAPIVersion] Begin
2025/09/16-14:44:49.179:[000046BC#00000000#4] > [GetAPIVersion] Api Version:1.36
2025/09/16-14:44:49.179:[000046BC#00000000#5] > [GetAPIVersion] End [0/Ok]
2025/09/16-14:44:49.181:[000046BC#00000000#5] > [EnumUSBDevices] Begin
2025/09/16-14:44:49.183:[000046BC#00000000#4] > [EnumUSBDevices] Found 0 USB Devices:
2025/09/16-14:44:49.183:[000046BC#00000000#5] > [EnumUSBDevices] End [0/Ok]
2025/09/16-14:44:49.184:[000046BC#00000000#5] > [EnumUSBDevices] Begin
2025/09/16-14:44:49.184:[000046BC#00000000#4] > [EnumUSBDevices] Found 0 USB Devices:
2025/09/16-14:44:49.185:[000046BC#00000000#5] > [EnumUSBDevices] End [0/Ok]
2025/09/16-15:09:18.892:[00001D9C#00000000#5] > [InitLibrary] Begin
2025/09/16-15:09:18.893:[00001D9C#00000000#4] > [InitLibrary] DLL Path: E:\Amay Technosystems\AFC\BackupTVM\AgraCashTVM2\CuCustomWndAPI.dll
2025/09/16-15:09:18.894:[00001D9C#00000000#4] > [InitLibrary] DLL Version: 1.36
2025/09/16-15:09:18.894:[00001D9C#00000000#4] > [InitLibrary] Application Path: C:\Users\DEV2\.jdks\ms-21.0.8\bin\java.exe
2025/09/16-15:09:18.896:[00001D9C#00000000#4] > [InitLibrary] Log verbosity: 6
2025/09/16-15:09:18.896:[00001D9C#00000000#4] > [COSManager::LogSystemVersion] LogSystemVersion: OS-> Windows 10
2025/09/16-15:09:18.897:[00001D9C#00000000#4] > [COSManager::LogSystemVersion] LogSystemVersion: OS-> 64bit
2025/09/16-15:09:18.898:[00001D9C#00000000#4] > [COSManager::LogDisplayVersion] LogSystemVersion: OS-> DisplayVersion: 24H2
2025/09/16-15:09:18.898:[00001D9C#00000000#4] > [COSManager::LogDisplayVersion] LogSystemVersion: OS-> ProductName: Windows 10 Pro
2025/09/16-15:09:18.899:[00001D9C#00000000#4] > [COSManager::LogSystemVersion] LogSystemVersion: OS-> MajorVersion: 10
2025/09/16-15:09:18.899:[00001D9C#00000000#4] > [COSManager::LogSystemVersion] LogSystemVersion: OS-> MinorVersion: 0
2025/09/16-15:09:18.899:[00001D9C#00000000#4] > [COSManager::LogSystemVersion] LogSystemVersion: OS-> CMajorVersion: 0
2025/09/16-15:09:18.900:[00001D9C#00000000#4] > [COSManager::LogSystemVersion] LogSystemVersion: OS-> CMinorVersion: 0
2025/09/16-15:09:18.900:[00001D9C#00000000#4] > [COSManager::LogSystemVersion] LogSystemVersion: OS-> Build: 26100
2025/09/16-15:09:18.914:[00001D9C#00000000#4] > [InitLibrary] Current library signature ID: 0x00000101
2025/09/16-15:09:18.914:[00001D9C#00000000#5] > [InitLibrary] End [0/Ok]
2025/09/16-15:09:18.915:[00001D9C#00000000#5] > [GetVariable] Begin
2025/09/16-15:09:18.916:[00001D9C#00000000#4] > [GetVariable] library_signature_id Get OK : 
2025/09/16-15:09:18.917:[00001D9C#00000000#5] > [GetVariable] End [0/Ok]
2025/09/16-15:09:18.921:[00001D9C#00000000#5] > [GetAPIVersion] Begin
2025/09/16-15:09:18.922:[00001D9C#00000000#4] > [GetAPIVersion] Api Version:1.36
2025/09/16-15:09:18.923:[00001D9C#00000000#5] > [GetAPIVersion] End [0/Ok]
2025/09/16-15:09:18.926:[00001D9C#00000000#5] > [EnumUSBDevices] Begin
2025/09/16-15:09:18.928:[00001D9C#00000000#4] > [EnumUSBDevices] Found 0 USB Devices:
2025/09/16-15:09:18.928:[00001D9C#00000000#5] > [EnumUSBDevices] End [0/Ok]
2025/09/16-15:09:18.929:[00001D9C#00000000#5] > [EnumUSBDevices] Begin
2025/09/16-15:09:18.929:[00001D9C#00000000#4] > [EnumUSBDevices] Found 0 USB Devices:
2025/09/16-15:09:18.929:[00001D9C#00000000#5] > [EnumUSBDevices] End [0/Ok]
2025/09/16-15:10:09.501:[00002E20#00000000#5] > [InitLibrary] Begin
2025/09/16-15:10:09.501:[00002E20#00000000#4] > [InitLibrary] DLL Path: E:\Amay Technosystems\AFC\BackupTVM\AgraCashTVM2\CuCustomWndAPI.dll
2025/09/16-15:10:09.501:[00002E20#00000000#4] > [InitLibrary] DLL Version: 1.36
2025/09/16-15:10:09.502:[00002E20#00000000#4] > [InitLibrary] Application Path: C:\Users\DEV2\.jdks\ms-21.0.8\bin\java.exe
2025/09/16-15:10:09.502:[00002E20#00000000#4] > [InitLibrary] Log verbosity: 6
2025/09/16-15:10:09.502:[00002E20#00000000#4] > [COSManager::LogSystemVersion] LogSystemVersion: OS-> Windows 10
2025/09/16-15:10:09.502:[00002E20#00000000#4] > [COSManager::LogSystemVersion] LogSystemVersion: OS-> 64bit
2025/09/16-15:10:09.503:[00002E20#00000000#4] > [COSManager::LogDisplayVersion] LogSystemVersion: OS-> DisplayVersion: 24H2
2025/09/16-15:10:09.503:[00002E20#00000000#4] > [COSManager::LogDisplayVersion] LogSystemVersion: OS-> ProductName: Windows 10 Pro
2025/09/16-15:10:09.504:[00002E20#00000000#4] > [COSManager::LogSystemVersion] LogSystemVersion: OS-> MajorVersion: 10
2025/09/16-15:10:09.504:[00002E20#00000000#4] > [COSManager::LogSystemVersion] LogSystemVersion: OS-> MinorVersion: 0
2025/09/16-15:10:09.505:[00002E20#00000000#4] > [COSManager::LogSystemVersion] LogSystemVersion: OS-> CMajorVersion: 0
2025/09/16-15:10:09.505:[00002E20#00000000#4] > [COSManager::LogSystemVersion] LogSystemVersion: OS-> CMinorVersion: 0
2025/09/16-15:10:09.505:[00002E20#00000000#4] > [COSManager::LogSystemVersion] LogSystemVersion: OS-> Build: 26100
2025/09/16-15:10:09.517:[00002E20#00000000#4] > [InitLibrary] Current library signature ID: 0x00000101
2025/09/16-15:10:09.517:[00002E20#00000000#5] > [InitLibrary] End [0/Ok]
2025/09/16-15:10:09.518:[00002E20#00000000#5] > [GetVariable] Begin
2025/09/16-15:10:09.519:[00002E20#00000000#4] > [GetVariable] library_signature_id Get OK : 
2025/09/16-15:10:09.520:[00002E20#00000000#5] > [GetVariable] End [0/Ok]
2025/09/16-15:10:09.523:[00002E20#00000000#5] > [GetAPIVersion] Begin
2025/09/16-15:10:09.523:[00002E20#00000000#4] > [GetAPIVersion] Api Version:1.36
2025/09/16-15:10:09.524:[00002E20#00000000#5] > [GetAPIVersion] End [0/Ok]
2025/09/16-15:10:09.528:[00002E20#00000000#5] > [EnumUSBDevices] Begin
2025/09/16-15:10:09.531:[00002E20#00000000#4] > [EnumUSBDevices] Found 0 USB Devices:
2025/09/16-15:10:09.531:[00002E20#00000000#5] > [EnumUSBDevices] End [0/Ok]
2025/09/16-15:10:09.531:[00002E20#00000000#5] > [EnumUSBDevices] Begin
2025/09/16-15:10:09.532:[00002E20#00000000#4] > [EnumUSBDevices] Found 0 USB Devices:
2025/09/16-15:10:09.533:[00002E20#00000000#5] > [EnumUSBDevices] End [0/Ok]
2025/09/16-15:11:02.566:[00004A10#00000000#5] > [InitLibrary] Begin
2025/09/16-15:11:02.566:[00004A10#00000000#4] > [InitLibrary] DLL Path: E:\Amay Technosystems\AFC\BackupTVM\AgraCashTVM2\CuCustomWndAPI.dll
2025/09/16-15:11:02.566:[00004A10#00000000#4] > [InitLibrary] DLL Version: 1.36
2025/09/16-15:11:02.567:[00004A10#00000000#4] > [InitLibrary] Application Path: C:\Users\DEV2\.jdks\ms-21.0.8\bin\java.exe
2025/09/16-15:11:02.567:[00004A10#00000000#4] > [InitLibrary] Log verbosity: 6
2025/09/16-15:11:02.567:[00004A10#00000000#4] > [COSManager::LogSystemVersion] LogSystemVersion: OS-> Windows 10
2025/09/16-15:11:02.568:[00004A10#00000000#4] > [COSManager::LogSystemVersion] LogSystemVersion: OS-> 64bit
2025/09/16-15:11:02.568:[00004A10#00000000#4] > [COSManager::LogDisplayVersion] LogSystemVersion: OS-> DisplayVersion: 24H2
2025/09/16-15:11:02.568:[00004A10#00000000#4] > [COSManager::LogDisplayVersion] LogSystemVersion: OS-> ProductName: Windows 10 Pro
2025/09/16-15:11:02.569:[00004A10#00000000#4] > [COSManager::LogSystemVersion] LogSystemVersion: OS-> MajorVersion: 10
2025/09/16-15:11:02.569:[00004A10#00000000#4] > [COSManager::LogSystemVersion] LogSystemVersion: OS-> MinorVersion: 0
2025/09/16-15:11:02.570:[00004A10#00000000#4] > [COSManager::LogSystemVersion] LogSystemVersion: OS-> CMajorVersion: 0
2025/09/16-15:11:02.570:[00004A10#00000000#4] > [COSManager::LogSystemVersion] LogSystemVersion: OS-> CMinorVersion: 0
2025/09/16-15:11:02.570:[00004A10#00000000#4] > [COSManager::LogSystemVersion] LogSystemVersion: OS-> Build: 26100
2025/09/16-15:11:02.580:[00004A10#00000000#4] > [InitLibrary] Current library signature ID: 0x00000101
2025/09/16-15:11:02.581:[00004A10#00000000#5] > [InitLibrary] End [0/Ok]
2025/09/16-15:11:02.581:[00004A10#00000000#5] > [GetVariable] Begin
2025/09/16-15:11:02.581:[00004A10#00000000#4] > [GetVariable] library_signature_id Get OK : 
2025/09/16-15:11:02.582:[00004A10#00000000#5] > [GetVariable] End [0/Ok]
2025/09/16-15:11:02.584:[00004A10#00000000#5] > [GetAPIVersion] Begin
2025/09/16-15:11:02.584:[00004A10#00000000#4] > [GetAPIVersion] Api Version:1.36
2025/09/16-15:11:02.584:[00004A10#00000000#5] > [GetAPIVersion] End [0/Ok]
2025/09/16-15:11:02.588:[00004A10#00000000#5] > [EnumUSBDevices] Begin
2025/09/16-15:11:02.590:[00004A10#00000000#4] > [EnumUSBDevices] Found 0 USB Devices:
2025/09/16-15:11:02.590:[00004A10#00000000#5] > [EnumUSBDevices] End [0/Ok]
2025/09/16-15:11:02.591:[00004A10#00000000#5] > [EnumUSBDevices] Begin
2025/09/16-15:11:02.591:[00004A10#00000000#4] > [EnumUSBDevices] Found 0 USB Devices:
2025/09/16-15:11:02.591:[00004A10#00000000#5] > [EnumUSBDevices] End [0/Ok]
2025/09/16-16:03:04.024:[000031C4#00000000#5] > [InitLibrary] Begin
2025/09/16-16:03:04.025:[000031C4#00000000#4] > [InitLibrary] DLL Path: E:\Amay Technosystems\AFC\BackupTVM\AgraCashTVM2\CuCustomWndAPI.dll
2025/09/16-16:03:04.026:[000031C4#00000000#4] > [InitLibrary] DLL Version: 1.36
2025/09/16-16:03:04.026:[000031C4#00000000#4] > [InitLibrary] Application Path: C:\Users\DEV2\.jdks\ms-21.0.8\bin\java.exe
2025/09/16-16:03:04.027:[000031C4#00000000#4] > [InitLibrary] Log verbosity: 6
2025/09/16-16:03:04.027:[000031C4#00000000#4] > [COSManager::LogSystemVersion] LogSystemVersion: OS-> Windows 10
2025/09/16-16:03:04.028:[000031C4#00000000#4] > [COSManager::LogSystemVersion] LogSystemVersion: OS-> 64bit
2025/09/16-16:03:04.028:[000031C4#00000000#4] > [COSManager::LogDisplayVersion] LogSystemVersion: OS-> DisplayVersion: 24H2
2025/09/16-16:03:04.028:[000031C4#00000000#4] > [COSManager::LogDisplayVersion] LogSystemVersion: OS-> ProductName: Windows 10 Pro
2025/09/16-16:03:04.029:[000031C4#00000000#4] > [COSManager::LogSystemVersion] LogSystemVersion: OS-> MajorVersion: 10
2025/09/16-16:03:04.029:[000031C4#00000000#4] > [COSManager::LogSystemVersion] LogSystemVersion: OS-> MinorVersion: 0
2025/09/16-16:03:04.030:[000031C4#00000000#4] > [COSManager::LogSystemVersion] LogSystemVersion: OS-> CMajorVersion: 0
2025/09/16-16:03:04.030:[000031C4#00000000#4] > [COSManager::LogSystemVersion] LogSystemVersion: OS-> CMinorVersion: 0
2025/09/16-16:03:04.031:[000031C4#00000000#4] > [COSManager::LogSystemVersion] LogSystemVersion: OS-> Build: 26100
2025/09/16-16:03:04.041:[000031C4#00000000#4] > [InitLibrary] Current library signature ID: 0x00000101
2025/09/16-16:03:04.042:[000031C4#00000000#5] > [InitLibrary] End [0/Ok]
2025/09/16-16:03:04.043:[000031C4#00000000#5] > [GetVariable] Begin
2025/09/16-16:03:04.043:[000031C4#00000000#4] > [GetVariable] library_signature_id Get OK : 
2025/09/16-16:03:04.043:[000031C4#00000000#5] > [GetVariable] End [0/Ok]
2025/09/16-16:03:04.048:[000031C4#00000000#5] > [GetAPIVersion] Begin
2025/09/16-16:03:04.049:[000031C4#00000000#4] > [GetAPIVersion] Api Version:1.36
2025/09/16-16:03:04.050:[000031C4#00000000#5] > [GetAPIVersion] End [0/Ok]
2025/09/16-16:03:04.053:[000031C4#00000000#5] > [EnumUSBDevices] Begin
2025/09/16-16:03:04.055:[000031C4#00000000#4] > [EnumUSBDevices] Found 0 USB Devices:
2025/09/16-16:03:04.056:[000031C4#00000000#5] > [EnumUSBDevices] End [0/Ok]
2025/09/16-16:03:04.056:[000031C4#00000000#5] > [EnumUSBDevices] Begin
2025/09/16-16:03:04.057:[000031C4#00000000#4] > [EnumUSBDevices] Found 0 USB Devices:
2025/09/16-16:03:04.057:[000031C4#00000000#5] > [EnumUSBDevices] End [0/Ok]
2025/09/16-16:04:28.327:[00006818#00000000#5] > [InitLibrary] Begin
2025/09/16-16:04:28.328:[00006818#00000000#4] > [InitLibrary] DLL Path: E:\Amay Technosystems\AFC\BackupTVM\AgraCashTVM2\CuCustomWndAPI.dll
2025/09/16-16:04:28.329:[00006818#00000000#4] > [InitLibrary] DLL Version: 1.36
2025/09/16-16:04:28.329:[00006818#00000000#4] > [InitLibrary] Application Path: C:\Users\DEV2\.jdks\ms-21.0.8\bin\java.exe
2025/09/16-16:04:28.329:[00006818#00000000#4] > [InitLibrary] Log verbosity: 6
2025/09/16-16:04:28.330:[00006818#00000000#4] > [COSManager::LogSystemVersion] LogSystemVersion: OS-> Windows 10
2025/09/16-16:04:28.330:[00006818#00000000#4] > [COSManager::LogSystemVersion] LogSystemVersion: OS-> 64bit
2025/09/16-16:04:28.331:[00006818#00000000#4] > [COSManager::LogDisplayVersion] LogSystemVersion: OS-> DisplayVersion: 24H2
2025/09/16-16:04:28.332:[00006818#00000000#4] > [COSManager::LogDisplayVersion] LogSystemVersion: OS-> ProductName: Windows 10 Pro
2025/09/16-16:04:28.333:[00006818#00000000#4] > [COSManager::LogSystemVersion] LogSystemVersion: OS-> MajorVersion: 10
2025/09/16-16:04:28.333:[00006818#00000000#4] > [COSManager::LogSystemVersion] LogSystemVersion: OS-> MinorVersion: 0
2025/09/16-16:04:28.333:[00006818#00000000#4] > [COSManager::LogSystemVersion] LogSystemVersion: OS-> CMajorVersion: 0
2025/09/16-16:04:28.333:[00006818#00000000#4] > [COSManager::LogSystemVersion] LogSystemVersion: OS-> CMinorVersion: 0
2025/09/16-16:04:28.334:[00006818#00000000#4] > [COSManager::LogSystemVersion] LogSystemVersion: OS-> Build: 26100
2025/09/16-16:04:28.346:[00006818#00000000#4] > [InitLibrary] Current library signature ID: 0x00000101
2025/09/16-16:04:28.347:[00006818#00000000#5] > [InitLibrary] End [0/Ok]
2025/09/16-16:04:28.347:[00006818#00000000#5] > [GetVariable] Begin
2025/09/16-16:04:28.349:[00006818#00000000#4] > [GetVariable] library_signature_id Get OK : 
2025/09/16-16:04:28.349:[00006818#00000000#5] > [GetVariable] End [0/Ok]
2025/09/16-16:04:28.352:[00006818#00000000#5] > [GetAPIVersion] Begin
2025/09/16-16:04:28.353:[00006818#00000000#4] > [GetAPIVersion] Api Version:1.36
2025/09/16-16:04:28.353:[00006818#00000000#5] > [GetAPIVersion] End [0/Ok]
2025/09/16-16:04:28.357:[00006818#00000000#5] > [EnumUSBDevices] Begin
2025/09/16-16:04:28.359:[00006818#00000000#4] > [EnumUSBDevices] Found 0 USB Devices:
2025/09/16-16:04:28.360:[00006818#00000000#5] > [EnumUSBDevices] End [0/Ok]
2025/09/16-16:04:28.360:[00006818#00000000#5] > [EnumUSBDevices] Begin
2025/09/16-16:04:28.361:[00006818#00000000#4] > [EnumUSBDevices] Found 0 USB Devices:
2025/09/16-16:04:28.361:[00006818#00000000#5] > [EnumUSBDevices] End [0/Ok]
2025/09/16-16:07:34.260:[00006F00#00000000#5] > [InitLibrary] Begin
2025/09/16-16:07:34.261:[00006F00#00000000#4] > [InitLibrary] DLL Path: E:\Amay Technosystems\AFC\BackupTVM\AgraCashTVM2\CuCustomWndAPI.dll
2025/09/16-16:07:34.261:[00006F00#00000000#4] > [InitLibrary] DLL Version: 1.36
2025/09/16-16:07:34.262:[00006F00#00000000#4] > [InitLibrary] Application Path: C:\Users\DEV2\.jdks\ms-21.0.8\bin\java.exe
2025/09/16-16:07:34.262:[00006F00#00000000#4] > [InitLibrary] Log verbosity: 6
2025/09/16-16:07:34.262:[00006F00#00000000#4] > [COSManager::LogSystemVersion] LogSystemVersion: OS-> Windows 10
2025/09/16-16:07:34.263:[00006F00#00000000#4] > [COSManager::LogSystemVersion] LogSystemVersion: OS-> 64bit
2025/09/16-16:07:34.263:[00006F00#00000000#4] > [COSManager::LogDisplayVersion] LogSystemVersion: OS-> DisplayVersion: 24H2
2025/09/16-16:07:34.264:[00006F00#00000000#4] > [COSManager::LogDisplayVersion] LogSystemVersion: OS-> ProductName: Windows 10 Pro
2025/09/16-16:07:34.264:[00006F00#00000000#4] > [COSManager::LogSystemVersion] LogSystemVersion: OS-> MajorVersion: 10
2025/09/16-16:07:34.264:[00006F00#00000000#4] > [COSManager::LogSystemVersion] LogSystemVersion: OS-> MinorVersion: 0
2025/09/16-16:07:34.265:[00006F00#00000000#4] > [COSManager::LogSystemVersion] LogSystemVersion: OS-> CMajorVersion: 0
2025/09/16-16:07:34.265:[00006F00#00000000#4] > [COSManager::LogSystemVersion] LogSystemVersion: OS-> CMinorVersion: 0
2025/09/16-16:07:34.266:[00006F00#00000000#4] > [COSManager::LogSystemVersion] LogSystemVersion: OS-> Build: 26100
2025/09/16-16:07:34.276:[00006F00#00000000#4] > [InitLibrary] Current library signature ID: 0x00000101
2025/09/16-16:07:34.277:[00006F00#00000000#5] > [InitLibrary] End [0/Ok]
2025/09/16-16:07:34.277:[00006F00#00000000#5] > [GetVariable] Begin
2025/09/16-16:07:34.278:[00006F00#00000000#4] > [GetVariable] library_signature_id Get OK : 
2025/09/16-16:07:34.278:[00006F00#00000000#5] > [GetVariable] End [0/Ok]
2025/09/16-16:07:34.282:[00006F00#00000000#5] > [GetAPIVersion] Begin
2025/09/16-16:07:34.284:[00006F00#00000000#4] > [GetAPIVersion] Api Version:1.36
2025/09/16-16:07:34.284:[00006F00#00000000#5] > [GetAPIVersion] End [0/Ok]
2025/09/16-16:07:34.288:[00006F00#00000000#5] > [EnumUSBDevices] Begin
2025/09/16-16:07:34.290:[00006F00#00000000#4] > [EnumUSBDevices] Found 0 USB Devices:
2025/09/16-16:07:34.290:[00006F00#00000000#5] > [EnumUSBDevices] End [0/Ok]
2025/09/16-16:07:34.290:[00006F00#00000000#5] > [EnumUSBDevices] Begin
2025/09/16-16:07:34.290:[00006F00#00000000#4] > [EnumUSBDevices] Found 0 USB Devices:
2025/09/16-16:07:34.290:[00006F00#00000000#5] > [EnumUSBDevices] End [0/Ok]
2025/09/16-16:09:08.148:[00002A8C#00000000#5] > [InitLibrary] Begin
2025/09/16-16:09:08.149:[00002A8C#00000000#4] > [InitLibrary] DLL Path: E:\Amay Technosystems\AFC\BackupTVM\AgraCashTVM2\CuCustomWndAPI.dll
2025/09/16-16:09:08.149:[00002A8C#00000000#4] > [InitLibrary] DLL Version: 1.36
2025/09/16-16:09:08.150:[00002A8C#00000000#4] > [InitLibrary] Application Path: C:\Users\DEV2\.jdks\ms-21.0.8\bin\java.exe
2025/09/16-16:09:08.151:[00002A8C#00000000#4] > [InitLibrary] Log verbosity: 6
2025/09/16-16:09:08.151:[00002A8C#00000000#4] > [COSManager::LogSystemVersion] LogSystemVersion: OS-> Windows 10
2025/09/16-16:09:08.151:[00002A8C#00000000#4] > [COSManager::LogSystemVersion] LogSystemVersion: OS-> 64bit
2025/09/16-16:09:08.151:[00002A8C#00000000#4] > [COSManager::LogDisplayVersion] LogSystemVersion: OS-> DisplayVersion: 24H2
2025/09/16-16:09:08.153:[00002A8C#00000000#4] > [COSManager::LogDisplayVersion] LogSystemVersion: OS-> ProductName: Windows 10 Pro
2025/09/16-16:09:08.153:[00002A8C#00000000#4] > [COSManager::LogSystemVersion] LogSystemVersion: OS-> MajorVersion: 10
2025/09/16-16:09:08.154:[00002A8C#00000000#4] > [COSManager::LogSystemVersion] LogSystemVersion: OS-> MinorVersion: 0
2025/09/16-16:09:08.154:[00002A8C#00000000#4] > [COSManager::LogSystemVersion] LogSystemVersion: OS-> CMajorVersion: 0
2025/09/16-16:09:08.154:[00002A8C#00000000#4] > [COSManager::LogSystemVersion] LogSystemVersion: OS-> CMinorVersion: 0
2025/09/16-16:09:08.155:[00002A8C#00000000#4] > [COSManager::LogSystemVersion] LogSystemVersion: OS-> Build: 26100
2025/09/16-16:09:08.166:[00002A8C#00000000#4] > [InitLibrary] Current library signature ID: 0x00000101
2025/09/16-16:09:08.168:[00002A8C#00000000#5] > [InitLibrary] End [0/Ok]
2025/09/16-16:09:08.169:[00002A8C#00000000#5] > [GetVariable] Begin
2025/09/16-16:09:08.169:[00002A8C#00000000#4] > [GetVariable] library_signature_id Get OK : 
2025/09/16-16:09:08.170:[00002A8C#00000000#5] > [GetVariable] End [0/Ok]
2025/09/16-16:09:08.174:[00002A8C#00000000#5] > [GetAPIVersion] Begin
2025/09/16-16:09:08.174:[00002A8C#00000000#4] > [GetAPIVersion] Api Version:1.36
2025/09/16-16:09:08.175:[00002A8C#00000000#5] > [GetAPIVersion] End [0/Ok]
2025/09/16-16:09:08.177:[00002A8C#00000000#5] > [EnumUSBDevices] Begin
2025/09/16-16:09:08.180:[00002A8C#00000000#4] > [EnumUSBDevices] Found 0 USB Devices:
2025/09/16-16:09:08.181:[00002A8C#00000000#5] > [EnumUSBDevices] End [0/Ok]
2025/09/16-16:09:08.181:[00002A8C#00000000#5] > [EnumUSBDevices] Begin
2025/09/16-16:09:08.182:[00002A8C#00000000#4] > [EnumUSBDevices] Found 0 USB Devices:
2025/09/16-16:09:08.182:[00002A8C#00000000#5] > [EnumUSBDevices] End [0/Ok]
2025/09/16-16:20:43.229:[00008148#00000000#5] > [InitLibrary] Begin
2025/09/16-16:20:43.230:[00008148#00000000#4] > [InitLibrary] DLL Path: E:\Amay Technosystems\AFC\BackupTVM\AgraCashTVM2\CuCustomWndAPI.dll
2025/09/16-16:20:43.230:[00008148#00000000#4] > [InitLibrary] DLL Version: 1.36
2025/09/16-16:20:43.231:[00008148#00000000#4] > [InitLibrary] Application Path: C:\Users\DEV2\.jdks\ms-21.0.8\bin\java.exe
2025/09/16-16:20:43.232:[00008148#00000000#4] > [InitLibrary] Log verbosity: 6
2025/09/16-16:20:43.232:[00008148#00000000#4] > [COSManager::LogSystemVersion] LogSystemVersion: OS-> Windows 10
2025/09/16-16:20:43.232:[00008148#00000000#4] > [COSManager::LogSystemVersion] LogSystemVersion: OS-> 64bit
2025/09/16-16:20:43.233:[00008148#00000000#4] > [COSManager::LogDisplayVersion] LogSystemVersion: OS-> DisplayVersion: 24H2
2025/09/16-16:20:43.234:[00008148#00000000#4] > [COSManager::LogDisplayVersion] LogSystemVersion: OS-> ProductName: Windows 10 Pro
2025/09/16-16:20:43.234:[00008148#00000000#4] > [COSManager::LogSystemVersion] LogSystemVersion: OS-> MajorVersion: 10
2025/09/16-16:20:43.235:[00008148#00000000#4] > [COSManager::LogSystemVersion] LogSystemVersion: OS-> MinorVersion: 0
2025/09/16-16:20:43.235:[00008148#00000000#4] > [COSManager::LogSystemVersion] LogSystemVersion: OS-> CMajorVersion: 0
2025/09/16-16:20:43.236:[00008148#00000000#4] > [COSManager::LogSystemVersion] LogSystemVersion: OS-> CMinorVersion: 0
2025/09/16-16:20:43.236:[00008148#00000000#4] > [COSManager::LogSystemVersion] LogSystemVersion: OS-> Build: 26100
2025/09/16-16:20:43.247:[00008148#00000000#4] > [InitLibrary] Current library signature ID: 0x00000101
2025/09/16-16:20:43.247:[00008148#00000000#5] > [InitLibrary] End [0/Ok]
2025/09/16-16:20:43.248:[00008148#00000000#5] > [GetVariable] Begin
2025/09/16-16:20:43.248:[00008148#00000000#4] > [GetVariable] library_signature_id Get OK : 
2025/09/16-16:20:43.249:[00008148#00000000#5] > [GetVariable] End [0/Ok]
2025/09/16-16:20:43.252:[00008148#00000000#5] > [GetAPIVersion] Begin
2025/09/16-16:20:43.252:[00008148#00000000#4] > [GetAPIVersion] Api Version:1.36
2025/09/16-16:20:43.252:[00008148#00000000#5] > [GetAPIVersion] End [0/Ok]
2025/09/16-16:20:43.255:[00008148#00000000#5] > [EnumUSBDevices] Begin
2025/09/16-16:20:43.258:[00008148#00000000#4] > [EnumUSBDevices] Found 0 USB Devices:
2025/09/16-16:20:43.258:[00008148#00000000#5] > [EnumUSBDevices] End [0/Ok]
2025/09/16-16:20:43.258:[00008148#00000000#5] > [EnumUSBDevices] Begin
2025/09/16-16:20:43.258:[00008148#00000000#4] > [EnumUSBDevices] Found 0 USB Devices:
2025/09/16-16:20:43.260:[00008148#00000000#5] > [EnumUSBDevices] End [0/Ok]
2025/09/16-16:22:29.733:[00003944#00000000#5] > [InitLibrary] Begin
2025/09/16-16:22:29.733:[00003944#00000000#4] > [InitLibrary] DLL Path: E:\Amay Technosystems\AFC\BackupTVM\AgraCashTVM2\CuCustomWndAPI.dll
2025/09/16-16:22:29.733:[00003944#00000000#4] > [InitLibrary] DLL Version: 1.36
2025/09/16-16:22:29.735:[00003944#00000000#4] > [InitLibrary] Application Path: C:\Users\DEV2\.jdks\ms-21.0.8\bin\java.exe
2025/09/16-16:22:29.736:[00003944#00000000#4] > [InitLibrary] Log verbosity: 6
2025/09/16-16:22:29.736:[00003944#00000000#4] > [COSManager::LogSystemVersion] LogSystemVersion: OS-> Windows 10
2025/09/16-16:22:29.736:[00003944#00000000#4] > [COSManager::LogSystemVersion] LogSystemVersion: OS-> 64bit
2025/09/16-16:22:29.736:[00003944#00000000#4] > [COSManager::LogDisplayVersion] LogSystemVersion: OS-> DisplayVersion: 24H2
2025/09/16-16:22:29.736:[00003944#00000000#4] > [COSManager::LogDisplayVersion] LogSystemVersion: OS-> ProductName: Windows 10 Pro
2025/09/16-16:22:29.738:[00003944#00000000#4] > [COSManager::LogSystemVersion] LogSystemVersion: OS-> MajorVersion: 10
2025/09/16-16:22:29.738:[00003944#00000000#4] > [COSManager::LogSystemVersion] LogSystemVersion: OS-> MinorVersion: 0
2025/09/16-16:22:29.738:[00003944#00000000#4] > [COSManager::LogSystemVersion] LogSystemVersion: OS-> CMajorVersion: 0
2025/09/16-16:22:29.739:[00003944#00000000#4] > [COSManager::LogSystemVersion] LogSystemVersion: OS-> CMinorVersion: 0
2025/09/16-16:22:29.739:[00003944#00000000#4] > [COSManager::LogSystemVersion] LogSystemVersion: OS-> Build: 26100
2025/09/16-16:22:29.749:[00003944#00000000#4] > [InitLibrary] Current library signature ID: 0x00000101
2025/09/16-16:22:29.749:[00003944#00000000#5] > [InitLibrary] End [0/Ok]
2025/09/16-16:22:29.749:[00003944#00000000#5] > [GetVariable] Begin
2025/09/16-16:22:29.750:[00003944#00000000#4] > [GetVariable] library_signature_id Get OK : 
2025/09/16-16:22:29.750:[00003944#00000000#5] > [GetVariable] End [0/Ok]
2025/09/16-16:22:29.755:[00003944#00000000#5] > [GetAPIVersion] Begin
2025/09/16-16:22:29.755:[00003944#00000000#4] > [GetAPIVersion] Api Version:1.36
2025/09/16-16:22:29.757:[00003944#00000000#5] > [GetAPIVersion] End [0/Ok]
2025/09/16-16:22:29.761:[00003944#00000000#5] > [EnumUSBDevices] Begin
2025/09/16-16:22:29.764:[00003944#00000000#4] > [EnumUSBDevices] Found 0 USB Devices:
2025/09/16-16:22:29.765:[00003944#00000000#5] > [EnumUSBDevices] End [0/Ok]
2025/09/16-16:22:29.765:[00003944#00000000#5] > [EnumUSBDevices] Begin
2025/09/16-16:22:29.766:[00003944#00000000#4] > [EnumUSBDevices] Found 0 USB Devices:
2025/09/16-16:22:29.766:[00003944#00000000#5] > [EnumUSBDevices] End [0/Ok]
2025/09/16-16:23:46.357:[000034C4#00000000#5] > [InitLibrary] Begin
2025/09/16-16:23:46.358:[000034C4#00000000#4] > [InitLibrary] DLL Path: E:\Amay Technosystems\AFC\BackupTVM\AgraCashTVM2\CuCustomWndAPI.dll
2025/09/16-16:23:46.358:[000034C4#00000000#4] > [InitLibrary] DLL Version: 1.36
2025/09/16-16:23:46.359:[000034C4#00000000#4] > [InitLibrary] Application Path: C:\Users\DEV2\.jdks\ms-21.0.8\bin\java.exe
2025/09/16-16:23:46.360:[000034C4#00000000#4] > [InitLibrary] Log verbosity: 6
2025/09/16-16:23:46.360:[000034C4#00000000#4] > [COSManager::LogSystemVersion] LogSystemVersion: OS-> Windows 10
2025/09/16-16:23:46.360:[000034C4#00000000#4] > [COSManager::LogSystemVersion] LogSystemVersion: OS-> 64bit
2025/09/16-16:23:46.360:[000034C4#00000000#4] > [COSManager::LogDisplayVersion] LogSystemVersion: OS-> DisplayVersion: 24H2
2025/09/16-16:23:46.361:[000034C4#00000000#4] > [COSManager::LogDisplayVersion] LogSystemVersion: OS-> ProductName: Windows 10 Pro
2025/09/16-16:23:46.361:[000034C4#00000000#4] > [COSManager::LogSystemVersion] LogSystemVersion: OS-> MajorVersion: 10
2025/09/16-16:23:46.362:[000034C4#00000000#4] > [COSManager::LogSystemVersion] LogSystemVersion: OS-> MinorVersion: 0
2025/09/16-16:23:46.362:[000034C4#00000000#4] > [COSManager::LogSystemVersion] LogSystemVersion: OS-> CMajorVersion: 0
2025/09/16-16:23:46.363:[000034C4#00000000#4] > [COSManager::LogSystemVersion] LogSystemVersion: OS-> CMinorVersion: 0
2025/09/16-16:23:46.363:[000034C4#00000000#4] > [COSManager::LogSystemVersion] LogSystemVersion: OS-> Build: 26100
2025/09/16-16:23:46.375:[000034C4#00000000#4] > [InitLibrary] Current library signature ID: 0x00000101
2025/09/16-16:23:46.375:[000034C4#00000000#5] > [InitLibrary] End [0/Ok]
2025/09/16-16:23:46.376:[000034C4#00000000#5] > [GetVariable] Begin
2025/09/16-16:23:46.376:[000034C4#00000000#4] > [GetVariable] library_signature_id Get OK : 
2025/09/16-16:23:46.377:[000034C4#00000000#5] > [GetVariable] End [0/Ok]
2025/09/16-16:23:46.381:[000034C4#00000000#5] > [GetAPIVersion] Begin
2025/09/16-16:23:46.381:[000034C4#00000000#4] > [GetAPIVersion] Api Version:1.36
2025/09/16-16:23:46.381:[000034C4#00000000#5] > [GetAPIVersion] End [0/Ok]
2025/09/16-16:23:46.384:[000034C4#00000000#5] > [EnumUSBDevices] Begin
2025/09/16-16:23:46.386:[000034C4#00000000#4] > [EnumUSBDevices] Found 0 USB Devices:
2025/09/16-16:23:46.386:[000034C4#00000000#5] > [EnumUSBDevices] End [0/Ok]
2025/09/16-16:23:46.387:[000034C4#00000000#5] > [EnumUSBDevices] Begin
2025/09/16-16:23:46.387:[000034C4#00000000#4] > [EnumUSBDevices] Found 0 USB Devices:
2025/09/16-16:23:46.388:[000034C4#00000000#5] > [EnumUSBDevices] End [0/Ok]
2025/09/16-16:29:28.088:[000042FC#00000000#5] > [InitLibrary] Begin
2025/09/16-16:29:28.089:[000042FC#00000000#4] > [InitLibrary] DLL Path: E:\Amay Technosystems\AFC\BackupTVM\AgraCashTVM2\CuCustomWndAPI.dll
2025/09/16-16:29:28.089:[000042FC#00000000#4] > [InitLibrary] DLL Version: 1.36
2025/09/16-16:29:28.089:[000042FC#00000000#4] > [InitLibrary] Application Path: C:\Users\DEV2\.jdks\ms-21.0.8\bin\java.exe
2025/09/16-16:29:28.090:[000042FC#00000000#4] > [InitLibrary] Log verbosity: 6
2025/09/16-16:29:28.090:[000042FC#00000000#4] > [COSManager::LogSystemVersion] LogSystemVersion: OS-> Windows 10
2025/09/16-16:29:28.090:[000042FC#00000000#4] > [COSManager::LogSystemVersion] LogSystemVersion: OS-> 64bit
2025/09/16-16:29:28.090:[000042FC#00000000#4] > [COSManager::LogDisplayVersion] LogSystemVersion: OS-> DisplayVersion: 24H2
2025/09/16-16:29:28.091:[000042FC#00000000#4] > [COSManager::LogDisplayVersion] LogSystemVersion: OS-> ProductName: Windows 10 Pro
2025/09/16-16:29:28.092:[000042FC#00000000#4] > [COSManager::LogSystemVersion] LogSystemVersion: OS-> MajorVersion: 10
2025/09/16-16:29:28.093:[000042FC#00000000#4] > [COSManager::LogSystemVersion] LogSystemVersion: OS-> MinorVersion: 0
2025/09/16-16:29:28.093:[000042FC#00000000#4] > [COSManager::LogSystemVersion] LogSystemVersion: OS-> CMajorVersion: 0
2025/09/16-16:29:28.094:[000042FC#00000000#4] > [COSManager::LogSystemVersion] LogSystemVersion: OS-> CMinorVersion: 0
2025/09/16-16:29:28.094:[000042FC#00000000#4] > [COSManager::LogSystemVersion] LogSystemVersion: OS-> Build: 26100
2025/09/16-16:29:28.104:[000042FC#00000000#4] > [InitLibrary] Current library signature ID: 0x00000101
2025/09/16-16:29:28.105:[000042FC#00000000#5] > [InitLibrary] End [0/Ok]
2025/09/16-16:29:28.105:[000042FC#00000000#5] > [GetVariable] Begin
2025/09/16-16:29:28.105:[000042FC#00000000#4] > [GetVariable] library_signature_id Get OK : 
2025/09/16-16:29:28.106:[000042FC#00000000#5] > [GetVariable] End [0/Ok]
2025/09/16-16:29:28.110:[000042FC#00000000#5] > [GetAPIVersion] Begin
2025/09/16-16:29:28.111:[000042FC#00000000#4] > [GetAPIVersion] Api Version:1.36
2025/09/16-16:29:28.111:[000042FC#00000000#5] > [GetAPIVersion] End [0/Ok]
2025/09/16-16:29:28.116:[000042FC#00000000#5] > [EnumUSBDevices] Begin
2025/09/16-16:29:28.117:[000042FC#00000000#4] > [EnumUSBDevices] Found 0 USB Devices:
2025/09/16-16:29:28.118:[000042FC#00000000#5] > [EnumUSBDevices] End [0/Ok]
2025/09/16-16:29:28.118:[000042FC#00000000#5] > [EnumUSBDevices] Begin
2025/09/16-16:29:28.119:[000042FC#00000000#4] > [EnumUSBDevices] Found 0 USB Devices:
2025/09/16-16:29:28.119:[000042FC#00000000#5] > [EnumUSBDevices] End [0/Ok]
2025/09/16-16:33:04.405:[00003BE4#00000000#5] > [InitLibrary] Begin
2025/09/16-16:33:04.405:[00003BE4#00000000#4] > [InitLibrary] DLL Path: E:\Amay Technosystems\AFC\BackupTVM\AgraCashTVM2\CuCustomWndAPI.dll
2025/09/16-16:33:04.406:[00003BE4#00000000#4] > [InitLibrary] DLL Version: 1.36
2025/09/16-16:33:04.407:[00003BE4#00000000#4] > [InitLibrary] Application Path: C:\Users\DEV2\.jdks\ms-21.0.8\bin\java.exe
2025/09/16-16:33:04.407:[00003BE4#00000000#4] > [InitLibrary] Log verbosity: 6
2025/09/16-16:33:04.408:[00003BE4#00000000#4] > [COSManager::LogSystemVersion] LogSystemVersion: OS-> Windows 10
2025/09/16-16:33:04.408:[00003BE4#00000000#4] > [COSManager::LogSystemVersion] LogSystemVersion: OS-> 64bit
2025/09/16-16:33:04.409:[00003BE4#00000000#4] > [COSManager::LogDisplayVersion] LogSystemVersion: OS-> DisplayVersion: 24H2
2025/09/16-16:33:04.409:[00003BE4#00000000#4] > [COSManager::LogDisplayVersion] LogSystemVersion: OS-> ProductName: Windows 10 Pro
2025/09/16-16:33:04.410:[00003BE4#00000000#4] > [COSManager::LogSystemVersion] LogSystemVersion: OS-> MajorVersion: 10
2025/09/16-16:33:04.410:[00003BE4#00000000#4] > [COSManager::LogSystemVersion] LogSystemVersion: OS-> MinorVersion: 0
2025/09/16-16:33:04.410:[00003BE4#00000000#4] > [COSManager::LogSystemVersion] LogSystemVersion: OS-> CMajorVersion: 0
2025/09/16-16:33:04.411:[00003BE4#00000000#4] > [COSManager::LogSystemVersion] LogSystemVersion: OS-> CMinorVersion: 0
2025/09/16-16:33:04.411:[00003BE4#00000000#4] > [COSManager::LogSystemVersion] LogSystemVersion: OS-> Build: 26100
2025/09/16-16:33:04.424:[00003BE4#00000000#4] > [InitLibrary] Current library signature ID: 0x00000101
2025/09/16-16:33:04.424:[00003BE4#00000000#5] > [InitLibrary] End [0/Ok]
2025/09/16-16:33:04.425:[00003BE4#00000000#5] > [GetVariable] Begin
2025/09/16-16:33:04.425:[00003BE4#00000000#4] > [GetVariable] library_signature_id Get OK : 
2025/09/16-16:33:04.425:[00003BE4#00000000#5] > [GetVariable] End [0/Ok]
2025/09/16-16:33:04.430:[00003BE4#00000000#5] > [GetAPIVersion] Begin
2025/09/16-16:33:04.430:[00003BE4#00000000#4] > [GetAPIVersion] Api Version:1.36
2025/09/16-16:33:04.431:[00003BE4#00000000#5] > [GetAPIVersion] End [0/Ok]
2025/09/16-16:33:04.435:[00003BE4#00000000#5] > [EnumUSBDevices] Begin
2025/09/16-16:33:04.438:[00003BE4#00000000#4] > [EnumUSBDevices] Found 0 USB Devices:
2025/09/16-16:33:04.438:[00003BE4#00000000#5] > [EnumUSBDevices] End [0/Ok]
2025/09/16-16:33:04.438:[00003BE4#00000000#5] > [EnumUSBDevices] Begin
2025/09/16-16:33:04.439:[00003BE4#00000000#4] > [EnumUSBDevices] Found 0 USB Devices:
2025/09/16-16:33:04.439:[00003BE4#00000000#5] > [EnumUSBDevices] End [0/Ok]
2025/09/16-16:42:00.473:[00004B98#00000000#5] > [InitLibrary] Begin
2025/09/16-16:42:00.474:[00004B98#00000000#4] > [InitLibrary] DLL Path: E:\Amay Technosystems\AFC\BackupTVM\AgraCashTVM2\CuCustomWndAPI.dll
2025/09/16-16:42:00.475:[00004B98#00000000#4] > [InitLibrary] DLL Version: 1.36
2025/09/16-16:42:00.475:[00004B98#00000000#4] > [InitLibrary] Application Path: C:\Users\DEV2\.jdks\ms-21.0.8\bin\java.exe
2025/09/16-16:42:00.476:[00004B98#00000000#4] > [InitLibrary] Log verbosity: 6
2025/09/16-16:42:00.476:[00004B98#00000000#4] > [COSManager::LogSystemVersion] LogSystemVersion: OS-> Windows 10
2025/09/16-16:42:00.477:[00004B98#00000000#4] > [COSManager::LogSystemVersion] LogSystemVersion: OS-> 64bit
2025/09/16-16:42:00.477:[00004B98#00000000#4] > [COSManager::LogDisplayVersion] LogSystemVersion: OS-> DisplayVersion: 24H2
2025/09/16-16:42:00.479:[00004B98#00000000#4] > [COSManager::LogDisplayVersion] LogSystemVersion: OS-> ProductName: Windows 10 Pro
2025/09/16-16:42:00.479:[00004B98#00000000#4] > [COSManager::LogSystemVersion] LogSystemVersion: OS-> MajorVersion: 10
2025/09/16-16:42:00.480:[00004B98#00000000#4] > [COSManager::LogSystemVersion] LogSystemVersion: OS-> MinorVersion: 0
2025/09/16-16:42:00.480:[00004B98#00000000#4] > [COSManager::LogSystemVersion] LogSystemVersion: OS-> CMajorVersion: 0
2025/09/16-16:42:00.480:[00004B98#00000000#4] > [COSManager::LogSystemVersion] LogSystemVersion: OS-> CMinorVersion: 0
2025/09/16-16:42:00.481:[00004B98#00000000#4] > [COSManager::LogSystemVersion] LogSystemVersion: OS-> Build: 26100
2025/09/16-16:42:00.493:[00004B98#00000000#4] > [InitLibrary] Current library signature ID: 0x00000101
2025/09/16-16:42:00.494:[00004B98#00000000#5] > [InitLibrary] End [0/Ok]
2025/09/16-16:42:00.495:[00004B98#00000000#5] > [GetVariable] Begin
2025/09/16-16:42:00.495:[00004B98#00000000#4] > [GetVariable] library_signature_id Get OK : 
2025/09/16-16:42:00.496:[00004B98#00000000#5] > [GetVariable] End [0/Ok]
2025/09/16-16:42:00.499:[00004B98#00000000#5] > [GetAPIVersion] Begin
2025/09/16-16:42:00.499:[00004B98#00000000#4] > [GetAPIVersion] Api Version:1.36
2025/09/16-16:42:00.499:[00004B98#00000000#5] > [GetAPIVersion] End [0/Ok]
2025/09/16-16:42:00.504:[00004B98#00000000#5] > [EnumUSBDevices] Begin
2025/09/16-16:42:00.506:[00004B98#00000000#4] > [EnumUSBDevices] Found 0 USB Devices:
2025/09/16-16:42:00.507:[00004B98#00000000#5] > [EnumUSBDevices] End [0/Ok]
2025/09/16-16:42:00.507:[00004B98#00000000#5] > [EnumUSBDevices] Begin
2025/09/16-16:42:00.508:[00004B98#00000000#4] > [EnumUSBDevices] Found 0 USB Devices:
2025/09/16-16:42:00.508:[00004B98#00000000#5] > [EnumUSBDevices] End [0/Ok]
2025/09/16-16:45:08.732:[00005B38#00000000#5] > [InitLibrary] Begin
2025/09/16-16:45:08.732:[00005B38#00000000#4] > [InitLibrary] DLL Path: E:\Amay Technosystems\AFC\BackupTVM\AgraCashTVM2\CuCustomWndAPI.dll
2025/09/16-16:45:08.734:[00005B38#00000000#4] > [InitLibrary] DLL Version: 1.36
2025/09/16-16:45:08.734:[00005B38#00000000#4] > [InitLibrary] Application Path: C:\Users\DEV2\.jdks\ms-21.0.8\bin\java.exe
2025/09/16-16:45:08.734:[00005B38#00000000#4] > [InitLibrary] Log verbosity: 6
2025/09/16-16:45:08.734:[00005B38#00000000#4] > [COSManager::LogSystemVersion] LogSystemVersion: OS-> Windows 10
2025/09/16-16:45:08.735:[00005B38#00000000#4] > [COSManager::LogSystemVersion] LogSystemVersion: OS-> 64bit
2025/09/16-16:45:08.735:[00005B38#00000000#4] > [COSManager::LogDisplayVersion] LogSystemVersion: OS-> DisplayVersion: 24H2
2025/09/16-16:45:08.736:[00005B38#00000000#4] > [COSManager::LogDisplayVersion] LogSystemVersion: OS-> ProductName: Windows 10 Pro
2025/09/16-16:45:08.736:[00005B38#00000000#4] > [COSManager::LogSystemVersion] LogSystemVersion: OS-> MajorVersion: 10
2025/09/16-16:45:08.736:[00005B38#00000000#4] > [COSManager::LogSystemVersion] LogSystemVersion: OS-> MinorVersion: 0
2025/09/16-16:45:08.737:[00005B38#00000000#4] > [COSManager::LogSystemVersion] LogSystemVersion: OS-> CMajorVersion: 0
2025/09/16-16:45:08.737:[00005B38#00000000#4] > [COSManager::LogSystemVersion] LogSystemVersion: OS-> CMinorVersion: 0
2025/09/16-16:45:08.738:[00005B38#00000000#4] > [COSManager::LogSystemVersion] LogSystemVersion: OS-> Build: 26100
2025/09/16-16:45:08.748:[00005B38#00000000#4] > [InitLibrary] Current library signature ID: 0x00000101
2025/09/16-16:45:08.749:[00005B38#00000000#5] > [InitLibrary] End [0/Ok]
2025/09/16-16:45:08.749:[00005B38#00000000#5] > [GetVariable] Begin
2025/09/16-16:45:08.750:[00005B38#00000000#4] > [GetVariable] library_signature_id Get OK : 
2025/09/16-16:45:08.750:[00005B38#00000000#5] > [GetVariable] End [0/Ok]
2025/09/16-16:45:08.754:[00005B38#00000000#5] > [GetAPIVersion] Begin
2025/09/16-16:45:08.754:[00005B38#00000000#4] > [GetAPIVersion] Api Version:1.36
2025/09/16-16:45:08.754:[00005B38#00000000#5] > [GetAPIVersion] End [0/Ok]
2025/09/16-16:45:08.759:[00005B38#00000000#5] > [EnumUSBDevices] Begin
2025/09/16-16:45:08.762:[00005B38#00000000#4] > [EnumUSBDevices] Found 0 USB Devices:
2025/09/16-16:45:08.763:[00005B38#00000000#5] > [EnumUSBDevices] End [0/Ok]
2025/09/16-16:45:08.763:[00005B38#00000000#5] > [EnumUSBDevices] Begin
2025/09/16-16:45:08.764:[00005B38#00000000#4] > [EnumUSBDevices] Found 0 USB Devices:
2025/09/16-16:45:08.764:[00005B38#00000000#5] > [EnumUSBDevices] End [0/Ok]
2025/09/16-17:02:00.576:[000074C8#00000000#5] > [InitLibrary] Begin
2025/09/16-17:02:00.578:[000074C8#00000000#4] > [InitLibrary] DLL Path: E:\Amay Technosystems\AFC\BackupTVM\AgraCashTVM2\CuCustomWndAPI.dll
2025/09/16-17:02:00.580:[000074C8#00000000#4] > [InitLibrary] DLL Version: 1.36
2025/09/16-17:02:00.582:[000074C8#00000000#4] > [InitLibrary] Application Path: C:\Users\DEV2\.jdks\ms-21.0.8\bin\java.exe
2025/09/16-17:02:00.583:[000074C8#00000000#4] > [InitLibrary] Log verbosity: 6
2025/09/16-17:02:00.584:[000074C8#00000000#4] > [COSManager::LogSystemVersion] LogSystemVersion: OS-> Windows 10
2025/09/16-17:02:00.586:[000074C8#00000000#4] > [COSManager::LogSystemVersion] LogSystemVersion: OS-> 64bit
2025/09/16-17:02:00.587:[000074C8#00000000#4] > [COSManager::LogDisplayVersion] LogSystemVersion: OS-> DisplayVersion: 24H2
2025/09/16-17:02:00.589:[000074C8#00000000#4] > [COSManager::LogDisplayVersion] LogSystemVersion: OS-> ProductName: Windows 10 Pro
2025/09/16-17:02:00.592:[000074C8#00000000#4] > [COSManager::LogSystemVersion] LogSystemVersion: OS-> MajorVersion: 10
2025/09/16-17:02:00.593:[000074C8#00000000#4] > [COSManager::LogSystemVersion] LogSystemVersion: OS-> MinorVersion: 0
2025/09/16-17:02:00.594:[000074C8#00000000#4] > [COSManager::LogSystemVersion] LogSystemVersion: OS-> CMajorVersion: 0
2025/09/16-17:02:00.596:[000074C8#00000000#4] > [COSManager::LogSystemVersion] LogSystemVersion: OS-> CMinorVersion: 0
2025/09/16-17:02:00.599:[000074C8#00000000#4] > [COSManager::LogSystemVersion] LogSystemVersion: OS-> Build: 26100
2025/09/16-17:02:00.632:[000074C8#00000000#4] > [InitLibrary] Current library signature ID: 0x00000101
2025/09/16-17:02:00.634:[000074C8#00000000#5] > [InitLibrary] End [0/Ok]
2025/09/16-17:02:00.637:[000074C8#00000000#5] > [GetVariable] Begin
2025/09/16-17:02:00.638:[000074C8#00000000#4] > [GetVariable] library_signature_id Get OK : 
2025/09/16-17:02:00.640:[000074C8#00000000#5] > [GetVariable] End [0/Ok]
2025/09/16-17:02:00.650:[000074C8#00000000#5] > [GetAPIVersion] Begin
2025/09/16-17:02:00.651:[000074C8#00000000#4] > [GetAPIVersion] Api Version:1.36
2025/09/16-17:02:00.653:[000074C8#00000000#5] > [GetAPIVersion] End [0/Ok]
2025/09/16-17:02:00.660:[000074C8#00000000#5] > [EnumUSBDevices] Begin
2025/09/16-17:02:00.685:[000074C8#00000000#4] > [EnumUSBDevices] Found 0 USB Devices:
2025/09/16-17:02:00.689:[000074C8#00000000#5] > [EnumUSBDevices] End [0/Ok]
2025/09/16-17:02:00.691:[000074C8#00000000#5] > [EnumUSBDevices] Begin
2025/09/16-17:02:00.694:[000074C8#00000000#4] > [EnumUSBDevices] Found 0 USB Devices:
2025/09/16-17:02:00.696:[000074C8#00000000#5] > [EnumUSBDevices] End [0/Ok]
2025/09/16-17:02:29.164:[000072B4#00000000#5] > [InitLibrary] Begin
2025/09/16-17:02:29.165:[000072B4#00000000#4] > [InitLibrary] DLL Path: E:\Amay Technosystems\AFC\BackupTVM\AgraCashTVM2\CuCustomWndAPI.dll
2025/09/16-17:02:29.166:[000072B4#00000000#4] > [InitLibrary] DLL Version: 1.36
2025/09/16-17:02:29.166:[000072B4#00000000#4] > [InitLibrary] Application Path: C:\Users\DEV2\.jdks\ms-21.0.8\bin\java.exe
2025/09/16-17:02:29.168:[000072B4#00000000#4] > [InitLibrary] Log verbosity: 6
2025/09/16-17:02:29.168:[000072B4#00000000#4] > [COSManager::LogSystemVersion] LogSystemVersion: OS-> Windows 10
2025/09/16-17:02:29.169:[000072B4#00000000#4] > [COSManager::LogSystemVersion] LogSystemVersion: OS-> 64bit
2025/09/16-17:02:29.169:[000072B4#00000000#4] > [COSManager::LogDisplayVersion] LogSystemVersion: OS-> DisplayVersion: 24H2
2025/09/16-17:02:29.170:[000072B4#00000000#4] > [COSManager::LogDisplayVersion] LogSystemVersion: OS-> ProductName: Windows 10 Pro
2025/09/16-17:02:29.171:[000072B4#00000000#4] > [COSManager::LogSystemVersion] LogSystemVersion: OS-> MajorVersion: 10
2025/09/16-17:02:29.171:[000072B4#00000000#4] > [COSManager::LogSystemVersion] LogSystemVersion: OS-> MinorVersion: 0
2025/09/16-17:02:29.172:[000072B4#00000000#4] > [COSManager::LogSystemVersion] LogSystemVersion: OS-> CMajorVersion: 0
2025/09/16-17:02:29.172:[000072B4#00000000#4] > [COSManager::LogSystemVersion] LogSystemVersion: OS-> CMinorVersion: 0
2025/09/16-17:02:29.173:[000072B4#00000000#4] > [COSManager::LogSystemVersion] LogSystemVersion: OS-> Build: 26100
2025/09/16-17:02:29.182:[000072B4#00000000#4] > [InitLibrary] Current library signature ID: 0x00000101
2025/09/16-17:02:29.183:[000072B4#00000000#5] > [InitLibrary] End [0/Ok]
2025/09/16-17:02:29.184:[000072B4#00000000#5] > [GetVariable] Begin
2025/09/16-17:02:29.184:[000072B4#00000000#4] > [GetVariable] library_signature_id Get OK : 
2025/09/16-17:02:29.186:[000072B4#00000000#5] > [GetVariable] End [0/Ok]
2025/09/16-17:02:29.188:[000072B4#00000000#5] > [GetAPIVersion] Begin
2025/09/16-17:02:29.189:[000072B4#00000000#4] > [GetAPIVersion] Api Version:1.36
2025/09/16-17:02:29.189:[000072B4#00000000#5] > [GetAPIVersion] End [0/Ok]
2025/09/16-17:02:29.193:[000072B4#00000000#5] > [EnumUSBDevices] Begin
2025/09/16-17:02:29.194:[000072B4#00000000#4] > [EnumUSBDevices] Found 0 USB Devices:
2025/09/16-17:02:29.196:[000072B4#00000000#5] > [EnumUSBDevices] End [0/Ok]
2025/09/16-17:02:29.196:[000072B4#00000000#5] > [EnumUSBDevices] Begin
2025/09/16-17:02:29.196:[000072B4#00000000#4] > [EnumUSBDevices] Found 0 USB Devices:
2025/09/16-17:02:29.197:[000072B4#00000000#5] > [EnumUSBDevices] End [0/Ok]
